timestamp,etf_mid,fut_mid
2025-09-17 13:30:00+00:00,135.88499450683594,590.5999755859375
2025-09-17 13:35:00+00:00,135.69000244140625,590.1099853515625
2025-09-17 13:40:00+00:00,135.52000427246094,589.951904296875
2025-09-17 13:45:00+00:00,135.7899932861328,590.4520263671875
2025-09-17 13:50:00+00:00,135.8249969482422,590.510009765625
2025-09-17 13:55:00+00:00,135.74000549316406,589.989990234375
2025-09-17 14:00:00+00:00,135.6199951171875,589.85498046875
2025-09-17 14:05:00+00:00,135.64500427246094,589.7100219726562
2025-09-17 14:10:00+00:00,135.7050018310547,589.9299926757812
2025-09-17 14:15:00+00:00,135.67999267578125,589.6099853515625
2025-09-17 14:20:00+00:00,135.6824951171875,589.4099731445312
2025-09-17 14:25:00+00:00,135.5850067138672,589.0806884765625
2025-09-17 14:30:00+00:00,135.59750366210938,589.2750244140625
2025-09-17 14:35:00+00:00,135.5749969482422,589.1400146484375
2025-09-17 14:40:00+00:00,135.44500732421875,588.7100219726562
2025-09-17 14:45:00+00:00,135.47500610351562,588.8209838867188
2025-09-17 14:50:00+00:00,135.50999450683594,588.8400268554688
2025-09-17 14:55:00+00:00,135.47055053710938,588.5999755859375
2025-09-17 15:00:00+00:00,135.39999389648438,588.3822021484375
2025-09-17 15:05:00+00:00,135.45254516601562,588.5357055664062
2025-09-17 15:10:00+00:00,135.51499938964844,588.89501953125
2025-09-17 15:15:00+00:00,135.5500030517578,589.0457153320312
2025-09-17 15:20:00+00:00,135.50999450683594,588.7000122070312
2025-09-17 15:25:00+00:00,135.44000244140625,588.4387817382812
2025-09-17 15:30:00+00:00,135.46499633789062,588.4998779296875
2025-09-17 15:35:00+00:00,135.40249633789062,588.3499755859375
2025-09-17 15:40:00+00:00,135.46499633789062,588.5399780273438
2025-09-17 15:45:00+00:00,135.43499755859375,588.530029296875
2025-09-17 15:50:00+00:00,135.36000061035156,588.2100219726562
2025-09-17 15:55:00+00:00,135.39500427246094,588.3936157226562
2025-09-17 16:00:00+00:00,135.34500122070312,588.1849975585938
2025-09-18 13:30:00+00:00,137.54429626464844,595.1199951171875
2025-09-18 13:35:00+00:00,137.3300018310547,594.6300048828125
2025-09-18 13:40:00+00:00,137.0500030517578,593.5800170898438
2025-09-18 13:45:00+00:00,137.21499633789062,594.3599853515625
2025-09-18 13:50:00+00:00,137.2899932861328,594.468017578125
2025-09-18 13:55:00+00:00,137.46499633789062,595.3200073242188
2025-09-18 14:00:00+00:00,137.60499572753906,595.905029296875
2025-09-18 14:05:00+00:00,137.8000030517578,596.5349731445312
2025-09-18 14:10:00+00:00,137.81500244140625,596.5399780273438
2025-09-18 14:15:00+00:00,137.88499450683594,597.0499877929688
2025-09-18 14:20:00+00:00,137.97000122070312,597.0250244140625
2025-09-18 14:25:00+00:00,138.23500061035156,597.4500122070312
2025-09-18 14:30:00+00:00,138.2375030517578,597.3400268554688
2025-09-18 14:35:00+00:00,138.125,596.8809814453125
2025-09-18 14:40:00+00:00,138.0800018310547,596.8200073242188
2025-09-18 14:45:00+00:00,138.0800018310547,597.02001953125
2025-09-18 14:50:00+00:00,137.97500610351562,596.47998046875
2025-09-18 14:55:00+00:00,137.89999389648438,596.2050170898438
2025-09-18 15:00:00+00:00,138.0050048828125,596.72998046875
2025-09-18 15:05:00+00:00,138.1300048828125,597.1400146484375
2025-09-18 15:10:00+00:00,138.1999969482422,597.239990234375
2025-09-18 15:15:00+00:00,138.40499877929688,597.9500122070312
2025-09-18 15:20:00+00:00,138.34500122070312,597.6500244140625
2025-09-18 15:25:00+00:00,138.26499938964844,597.3400268554688
2025-09-18 15:30:00+00:00,138.3300018310547,597.530029296875
2025-09-18 15:35:00+00:00,138.3249969482422,597.530029296875
2025-09-18 15:40:00+00:00,138.2449951171875,597.1300048828125
2025-09-18 15:45:00+00:00,138.17750549316406,596.9249877929688
2025-09-18 15:50:00+00:00,138.03524780273438,596.3900146484375
2025-09-18 15:55:00+00:00,138.0399932861328,596.2899780273438
2025-09-18 16:00:00+00:00,138.1425018310547,596.7100219726562
2025-09-19 13:30:00+00:00,138.375,596.9000244140625
2025-09-19 13:35:00+00:00,138.49000549316406,596.9099731445312
2025-09-19 13:40:00+00:00,138.5800018310547,597.25
2025-09-19 13:45:00+00:00,138.71499633789062,597.8900146484375
2025-09-19 13:50:00+00:00,138.69000244140625,598.1199951171875
2025-09-19 13:55:00+00:00,138.54750061035156,597.8300170898438
2025-09-19 14:00:00+00:00,138.6649932861328,598.030029296875
2025-09-19 14:05:00+00:00,138.5850067138672,597.7150268554688
2025-09-19 14:10:00+00:00,138.6499481201172,597.7941284179688
2025-09-19 14:15:00+00:00,138.51499938964844,597.260009765625
2025-09-19 14:20:00+00:00,138.60499572753906,597.6199951171875
2025-09-19 14:25:00+00:00,138.64999389648438,597.6298828125
2025-09-19 14:30:00+00:00,138.76499938964844,597.6400146484375
2025-09-19 14:35:00+00:00,138.65499877929688,597.3900146484375
2025-09-19 14:40:00+00:00,138.5319061279297,596.9299926757812
2025-09-19 14:45:00+00:00,138.56500244140625,596.9998779296875
2025-09-19 14:50:00+00:00,138.60000610351562,597.0985107421875
2025-09-19 14:55:00+00:00,138.6199951171875,597.1799926757812
2025-09-19 15:00:00+00:00,138.44500732421875,596.7349853515625
2025-09-19 15:05:00+00:00,138.42999267578125,596.64501953125
2025-09-19 15:10:00+00:00,138.3800048828125,596.489990234375
2025-09-19 15:15:00+00:00,138.36500549316406,596.5499267578125
2025-09-19 15:20:00+00:00,138.36000061035156,596.5549926757812
2025-09-19 15:25:00+00:00,138.2949981689453,596.3200073242188
2025-09-19 15:30:00+00:00,138.28500366210938,596.219970703125
2025-09-19 15:35:00+00:00,138.36500549316406,596.2899780273438
2025-09-19 15:40:00+00:00,138.47999572753906,596.760009765625
2025-09-19 15:45:00+00:00,138.48500061035156,596.8099975585938
2025-09-19 15:50:00+00:00,138.6199951171875,597.1950073242188
2025-09-19 15:55:00+00:00,138.6699981689453,597.3599853515625
2025-09-19 16:00:00+00:00,138.7949981689453,597.9099731445312
2025-09-22 13:30:00+00:00,139.30999755859375,598.6124877929688
2025-09-22 13:35:00+00:00,139.24000549316406,598.25
2025-09-22 13:40:00+00:00,139.3249969482422,598.5700073242188
2025-09-22 13:45:00+00:00,139.39500427246094,598.7949829101562
2025-09-22 13:50:00+00:00,139.51499938964844,599.3049926757812
2025-09-22 13:55:00+00:00,139.4149932861328,599.1699829101562
2025-09-22 14:00:00+00:00,139.41250610351562,599.219970703125
2025-09-22 14:05:00+00:00,139.4600067138672,599.35498046875
2025-09-22 14:10:00+00:00,139.39500427246094,598.9600219726562
2025-09-22 14:15:00+00:00,139.44000244140625,599.1749877929688
2025-09-22 14:20:00+00:00,139.52999877929688,599.6099853515625
2025-09-22 14:25:00+00:00,139.6750030517578,599.9301147460938
2025-09-22 14:30:00+00:00,139.72250366210938,599.7750244140625
2025-09-22 14:35:00+00:00,139.8249969482422,600.034423828125
2025-09-22 14:40:00+00:00,139.94000244140625,600.27001953125
2025-09-22 14:45:00+00:00,139.9250030517578,600.2000122070312
2025-09-22 14:50:00+00:00,139.92999267578125,600.2999877929688
2025-09-22 14:55:00+00:00,140.02499389648438,600.469970703125
2025-09-22 15:00:00+00:00,140.02999877929688,600.27001953125
2025-09-22 15:05:00+00:00,140.0850067138672,600.3400268554688
2025-09-22 15:10:00+00:00,139.99000549316406,600.0499877929688
2025-09-22 15:15:00+00:00,140.0399932861328,599.989990234375
2025-09-22 15:20:00+00:00,140.1381072998047,600.25
2025-09-22 15:25:00+00:00,140.17999267578125,600.3200073242188
2025-09-22 15:30:00+00:00,140.1300048828125,599.885009765625
2025-09-22 15:35:00+00:00,140.14500427246094,600.105712890625
2025-09-22 15:40:00+00:00,140.13999938964844,600.02001953125
2025-09-22 15:45:00+00:00,140.1649932861328,600.1699829101562
2025-09-22 15:50:00+00:00,140.15499877929688,600.1900024414062
2025-09-22 15:55:00+00:00,140.14500427246094,600.1400146484375
2025-09-22 16:00:00+00:00,140.33995056152344,600.3300170898438
2025-09-23 13:30:00+00:00,141.31500244140625,602.1199951171875
2025-09-23 13:35:00+00:00,141.1750030517578,601.8419799804688
2025-09-23 13:40:00+00:00,140.98855590820312,601.219970703125
2025-09-23 13:45:00+00:00,141.02999877929688,601.25
2025-09-23 13:50:00+00:00,141.05999755859375,601.0798950195312
2025-09-23 13:55:00+00:00,140.87249755859375,600.8699951171875
2025-09-23 14:00:00+00:00,140.85000610351562,600.875
2025-09-23 14:05:00+00:00,140.93499755859375,601.1649780273438
2025-09-23 14:10:00+00:00,141.00999450683594,601.2999877929688
2025-09-23 14:15:00+00:00,141.02499389648438,601.2999877929688
2025-09-23 14:20:00+00:00,140.84500122070312,600.7849731445312
2025-09-23 14:25:00+00:00,140.9550018310547,601.1900024414062
2025-09-23 14:30:00+00:00,140.8350067138672,601.1500244140625
2025-09-23 14:35:00+00:00,140.86749267578125,601.219970703125
2025-09-23 14:40:00+00:00,140.81149291992188,601.1500244140625
2025-09-23 14:45:00+00:00,140.80999755859375,601.0
2025-09-23 14:50:00+00:00,140.875,601.25
2025-09-23 14:55:00+00:00,140.7899932861328,600.969970703125
2025-09-23 15:00:00+00:00,140.7449951171875,600.9400024414062
2025-09-23 15:05:00+00:00,140.7100067138672,601.0200805664062
2025-09-23 15:10:00+00:00,140.84750366210938,601.369873046875
2025-09-23 15:15:00+00:00,140.89999389648438,601.4450073242188
2025-09-23 15:20:00+00:00,140.9499969482422,601.5499877929688
2025-09-23 15:25:00+00:00,140.9149932861328,601.2999267578125
2025-09-23 15:30:00+00:00,140.88499450683594,601.2100219726562
2025-09-23 15:35:00+00:00,140.8249969482422,600.9249877929688
2025-09-23 15:40:00+00:00,140.85000610351562,601.0800170898438
2025-09-23 15:45:00+00:00,140.8300018310547,601.1799926757812
2025-09-23 15:50:00+00:00,140.8300018310547,601.0700073242188
2025-09-23 15:55:00+00:00,140.82000732421875,601.0
2025-09-23 16:00:00+00:00,140.79234313964844,600.8499755859375
2025-09-24 13:30:00+00:00,140.0371551513672,598.5
2025-09-24 13:35:00+00:00,139.85499572753906,598.375
2025-09-24 13:40:00+00:00,139.88499450683594,598.365478515625
2025-09-24 13:45:00+00:00,139.6125030517578,597.6199951171875
2025-09-24 13:50:00+00:00,139.61500549316406,597.5250244140625
2025-09-24 13:55:00+00:00,139.7949981689453,598.0012817382812
2025-09-24 14:00:00+00:00,139.88499450683594,598.4099731445312
2025-09-24 14:05:00+00:00,139.73500061035156,597.8499755859375
2025-09-24 14:10:00+00:00,139.86500549316406,598.1799926757812
2025-09-24 14:15:00+00:00,139.84750366210938,598.2899780273438
2025-09-24 14:20:00+00:00,139.68499755859375,597.8400268554688
2025-09-24 14:25:00+00:00,139.73500061035156,597.9299926757812
2025-09-24 14:30:00+00:00,139.63499450683594,597.489990234375
2025-09-24 14:35:00+00:00,139.6999969482422,597.77001953125
2025-09-24 14:40:00+00:00,139.7167510986328,597.7899780273438
2025-09-24 14:45:00+00:00,139.77999877929688,598.0601196289062
2025-09-24 14:50:00+00:00,139.5800018310547,597.5399780273438
2025-09-24 14:55:00+00:00,139.5625,597.3419799804688
2025-09-24 15:00:00+00:00,139.52999877929688,597.2650146484375
2025-09-24 15:05:00+00:00,139.4824981689453,597.27001953125
2025-09-24 15:10:00+00:00,139.4250030517578,596.9600830078125
2025-09-24 15:15:00+00:00,139.52499389648438,597.3400268554688
2025-09-24 15:20:00+00:00,139.6649932861328,597.6099853515625
2025-09-24 15:25:00+00:00,139.61500549316406,597.35498046875
2025-09-24 15:30:00+00:00,139.4499969482422,596.739990234375
2025-09-24 15:35:00+00:00,139.38499450683594,596.8099975585938
2025-09-24 15:40:00+00:00,139.27999877929688,596.625
2025-09-24 15:45:00+00:00,139.0050048828125,595.7999267578125
2025-09-24 15:50:00+00:00,138.96499633789062,595.6400146484375
2025-09-24 15:55:00+00:00,138.6999969482422,594.5999755859375
2025-09-24 16:00:00+00:00,138.66000366210938,594.47998046875
2025-09-25 13:30:00+00:00,137.7050018310547,590.8300170898438
2025-09-25 13:35:00+00:00,137.48500061035156,589.75
2025-09-25 13:40:00+00:00,137.17999267578125,588.6199951171875
2025-09-25 13:45:00+00:00,137.60000610351562,590.02001953125
2025-09-25 13:50:00+00:00,137.44500732421875,589.3699951171875
2025-09-25 13:55:00+00:00,137.5,589.22998046875
2025-09-25 14:00:00+00:00,137.9499969482422,590.8200073242188
2025-09-25 14:05:00+00:00,138.27999877929688,591.9949951171875
2025-09-25 14:10:00+00:00,138.2899932861328,592.1900024414062
2025-09-25 14:15:00+00:00,138.51499938964844,592.9199829101562
2025-09-25 14:20:00+00:00,138.71749877929688,593.6500244140625
2025-09-25 14:25:00+00:00,138.65499877929688,593.239990234375
2025-09-25 14:30:00+00:00,138.6999969482422,593.510009765625
2025-09-25 14:35:00+00:00,138.77000427246094,593.5499877929688
2025-09-25 14:40:00+00:00,138.75,593.4849853515625
2025-09-25 14:45:00+00:00,138.97500610351562,594.0944213867188
2025-09-25 14:50:00+00:00,138.8240509033203,593.4400024414062
2025-09-25 14:55:00+00:00,138.91000366210938,593.6270751953125
2025-09-25 15:00:00+00:00,138.76499938964844,593.0809936523438
2025-09-25 15:05:00+00:00,138.6699981689453,592.7598876953125
2025-09-25 15:10:00+00:00,139.0050048828125,594.010009765625
2025-09-25 15:15:00+00:00,138.9250030517578,593.7899780273438
2025-09-25 15:20:00+00:00,138.7100067138672,593.0780029296875
2025-09-25 15:25:00+00:00,138.5850067138672,592.75
2025-09-25 15:30:00+00:00,138.9499969482422,593.969970703125
2025-09-25 15:35:00+00:00,139.125,594.5449829101562
2025-09-25 15:40:00+00:00,139.2449951171875,594.888671875
2025-09-25 15:45:00+00:00,139.3300018310547,595.0499877929688
2025-09-25 15:50:00+00:00,139.26499938964844,594.7150268554688
2025-09-25 15:55:00+00:00,139.25,594.6649780273438
2025-09-25 16:00:00+00:00,139.14999389648438,594.510009765625
2025-09-26 13:30:00+00:00,139.3000030517578,595.2550048828125
2025-09-26 13:35:00+00:00,139.32749938964844,595.2700805664062
2025-09-26 13:40:00+00:00,139.1300048828125,594.719970703125
2025-09-26 13:45:00+00:00,139.36500549316406,595.3900146484375
2025-09-26 13:50:00+00:00,139.2899932861328,595.1699829101562
2025-09-26 13:55:00+00:00,139.40499877929688,595.5250244140625
2025-09-26 14:00:00+00:00,139.1999969482422,594.7825927734375
2025-09-26 14:05:00+00:00,138.8350067138672,593.510009765625
2025-09-26 14:10:00+00:00,138.7899932861328,593.1599731445312
2025-09-26 14:15:00+00:00,138.81500244140625,593.1900024414062
2025-09-26 14:20:00+00:00,138.60000610351562,592.280029296875
2025-09-26 14:25:00+00:00,138.49000549316406,592.2100219726562
2025-09-26 14:30:00+00:00,138.27499389648438,591.760009765625
2025-09-26 14:35:00+00:00,138.70750427246094,593.239990234375
2025-09-26 14:40:00+00:00,138.84500122070312,593.6400146484375
2025-09-26 14:45:00+00:00,138.44000244140625,592.1798706054688
2025-09-26 14:50:00+00:00,138.56500244140625,592.6201171875
2025-09-26 14:55:00+00:00,138.4324951171875,592.1799926757812
2025-09-26 15:00:00+00:00,138.55499267578125,592.5499877929688
2025-09-26 15:05:00+00:00,138.5399932861328,592.4749755859375
2025-09-26 15:10:00+00:00,138.36500549316406,591.8939208984375
2025-09-26 15:15:00+00:00,138.69000244140625,593.0900268554688
2025-09-26 15:20:00+00:00,138.58999633789062,592.6599731445312
2025-09-26 15:25:00+00:00,138.86000061035156,593.77001953125
2025-09-26 15:30:00+00:00,138.8000030517578,593.52001953125
2025-09-26 15:35:00+00:00,138.61500549316406,592.9099731445312
2025-09-26 15:40:00+00:00,138.7100067138672,593.1599731445312
2025-09-26 15:45:00+00:00,138.81500244140625,593.385009765625
2025-09-26 15:50:00+00:00,138.7449951171875,593.030029296875
2025-09-26 15:55:00+00:00,138.60499572753906,592.5650024414062
2025-09-26 16:00:00+00:00,138.63499450683594,592.6799926757812
2025-09-29 13:30:00+00:00,140.5399932861328,599.6279907226562
2025-09-29 13:35:00+00:00,140.44500732421875,599.6500244140625
2025-09-29 13:40:00+00:00,140.78500366210938,600.64501953125
2025-09-29 13:45:00+00:00,140.875,601.4000244140625
2025-09-29 13:50:00+00:00,140.82000732421875,601.5
2025-09-29 13:55:00+00:00,140.74749755859375,601.248779296875
2025-09-29 14:00:00+00:00,140.6374969482422,600.905029296875
2025-09-29 14:05:00+00:00,140.8300018310547,601.9000244140625
2025-09-29 14:10:00+00:00,140.72000122070312,601.5999755859375
2025-09-29 14:15:00+00:00,140.6199951171875,600.9000244140625
2025-09-29 14:20:00+00:00,140.88999938964844,601.8049926757812
2025-09-29 14:25:00+00:00,140.8699951171875,601.60498046875
2025-09-29 14:30:00+00:00,140.85499572753906,601.4949951171875
2025-09-29 14:35:00+00:00,140.83265686035156,601.2949829101562
2025-09-29 14:40:00+00:00,140.8699951171875,601.489990234375
2025-09-29 14:45:00+00:00,140.90499877929688,601.5399780273438
2025-09-29 14:50:00+00:00,140.8350067138672,601.2698974609375
2025-09-29 14:55:00+00:00,140.76499938964844,600.9450073242188
2025-09-29 15:00:00+00:00,140.7899932861328,601.0999755859375
2025-09-29 15:05:00+00:00,140.64999389648438,600.7100219726562
2025-09-29 15:10:00+00:00,140.46249389648438,600.1099243164062
2025-09-29 15:15:00+00:00,140.4250030517578,599.8150024414062
2025-09-29 15:20:00+00:00,140.36000061035156,599.630126953125
2025-09-29 15:25:00+00:00,140.31500244140625,599.4849853515625
2025-09-29 15:30:00+00:00,140.25,599.3200073242188
2025-09-29 15:35:00+00:00,140.24000549316406,599.3035278320312
2025-09-29 15:40:00+00:00,140.3249969482422,599.47998046875
2025-09-29 15:45:00+00:00,140.27235412597656,599.0900268554688
2025-09-29 15:50:00+00:00,140.23500061035156,598.97998046875
2025-09-29 15:55:00+00:00,140.2550048828125,599.0700073242188
2025-09-29 16:00:00+00:00,140.1649932861328,598.639892578125
2025-09-30 13:30:00+00:00,140.02999877929688,597.0549926757812
2025-09-30 13:35:00+00:00,140.0800018310547,596.7999877929688
2025-09-30 13:40:00+00:00,140.38250732421875,597.8800048828125
2025-09-30 13:45:00+00:00,140.39500427246094,597.5050048828125
2025-09-30 13:50:00+00:00,140.11000061035156,596.35498046875
2025-09-30 13:55:00+00:00,140.4949951171875,597.6300048828125
2025-09-30 14:00:00+00:00,140.65499877929688,597.9400024414062
2025-09-30 14:05:00+00:00,140.36500549316406,596.9000244140625
2025-09-30 14:10:00+00:00,140.4499969482422,597.1699829101562
2025-09-30 14:15:00+00:00,140.47999572753906,597.2899780273438
2025-09-30 14:20:00+00:00,140.4499969482422,597.2100219726562
2025-09-30 14:25:00+00:00,140.5,597.530029296875
2025-09-30 14:30:00+00:00,140.5500030517578,597.7100219726562
2025-09-30 14:35:00+00:00,140.36000061035156,596.9199829101562
2025-09-30 14:40:00+00:00,140.5800018310547,597.7100219726562
2025-09-30 14:45:00+00:00,140.84500122070312,598.5999755859375
2025-09-30 14:50:00+00:00,140.875,598.5750122070312
2025-09-30 14:55:00+00:00,140.9250030517578,598.9400024414062
2025-09-30 15:00:00+00:00,140.97000122070312,599.280029296875
2025-09-30 15:05:00+00:00,141.00999450683594,599.1990966796875
2025-09-30 15:10:00+00:00,140.85000610351562,598.5700073242188
2025-09-30 15:15:00+00:00,140.62179565429688,598.0300903320312
2025-09-30 15:20:00+00:00,140.57000732421875,597.8007202148438
2025-09-30 15:25:00+00:00,140.4499969482422,597.4349975585938
2025-09-30 15:30:00+00:00,140.5225067138672,597.860107421875
2025-09-30 15:35:00+00:00,140.31500244140625,597.1699829101562
2025-09-30 15:40:00+00:00,140.32504272460938,597.2100830078125
2025-09-30 15:45:00+00:00,140.5050048828125,597.8599853515625
2025-09-30 15:50:00+00:00,140.55999755859375,598.0
2025-09-30 15:55:00+00:00,140.57749938964844,598.2069091796875
2025-09-30 16:00:00+00:00,140.50999450683594,598.0
2025-10-01 13:30:00+00:00,140.64215087890625,598.4400024414062
2025-10-01 13:35:00+00:00,140.73500061035156,598.739990234375
2025-10-01 13:40:00+00:00,140.78250122070312,598.7750244140625
2025-10-01 13:45:00+00:00,140.23500061035156,596.5993041992188
2025-10-01 13:50:00+00:00,140.57000732421875,597.594970703125
2025-10-01 13:55:00+00:00,140.58999633789062,597.58837890625
2025-10-01 14:00:00+00:00,140.81500244140625,598.6500244140625
2025-10-01 14:05:00+00:00,140.72000122070312,598.4650268554688
2025-10-01 14:10:00+00:00,140.9199981689453,598.8599853515625
2025-10-01 14:15:00+00:00,141.10000610351562,599.510009765625
2025-10-01 14:20:00+00:00,141.11000061035156,599.802490234375
2025-10-01 14:25:00+00:00,141.28500366210938,600.1199951171875
2025-10-01 14:30:00+00:00,141.44000244140625,600.4450073242188
2025-10-01 14:35:00+00:00,141.4149932861328,600.3900146484375
2025-10-01 14:40:00+00:00,141.35000610351562,600.280029296875
2025-10-01 14:45:00+00:00,141.27499389648438,600.1494750976562
2025-10-01 14:50:00+00:00,141.30999755859375,600.4099731445312
2025-10-01 14:55:00+00:00,141.33999633789062,600.4650268554688
2025-10-01 15:00:00+00:00,141.4949951171875,600.6300048828125
2025-10-01 15:05:00+00:00,141.5399932861328,600.77001953125
2025-10-01 15:10:00+00:00,141.4149932861328,600.510009765625
2025-10-01 15:15:00+00:00,141.2449951171875,600.030029296875
2025-10-01 15:20:00+00:00,141.3300018310547,600.260009765625
2025-10-01 15:25:00+00:00,141.36500549316406,600.3099975585938
2025-10-01 15:30:00+00:00,141.43499755859375,600.7100219726562
2025-10-01 15:35:00+00:00,141.58999633789062,601.1798706054688
2025-10-01 15:40:00+00:00,141.58999633789062,601.239990234375
2025-10-01 15:45:00+00:00,141.56500244140625,601.14501953125
2025-10-01 15:50:00+00:00,141.55999755859375,601.27001953125
2025-10-01 15:55:00+00:00,141.59500122070312,601.2849731445312
2025-10-01 16:00:00+00:00,141.57000732421875,601.2991943359375
2025-10-02 13:30:00+00:00,143.49000549316406,605.9298706054688
2025-10-02 13:35:00+00:00,143.13999938964844,604.994873046875
2025-10-02 13:40:00+00:00,142.84500122070312,604.27001953125
2025-10-02 13:45:00+00:00,142.69000244140625,603.8099975585938
2025-10-02 13:50:00+00:00,142.81500244140625,604.3214111328125
2025-10-02 13:55:00+00:00,142.8350067138672,604.64501953125
2025-10-02 14:00:00+00:00,142.96499633789062,604.9099731445312
2025-10-02 14:05:00+00:00,143.05999755859375,604.9149780273438
2025-10-02 14:10:00+00:00,142.9149932861328,604.5850219726562
2025-10-02 14:15:00+00:00,142.97000122070312,604.5350952148438
2025-10-02 14:20:00+00:00,143.10499572753906,605.0609741210938
2025-10-02 14:25:00+00:00,142.99000549316406,604.9550170898438
2025-10-02 14:30:00+00:00,142.93499755859375,604.77001953125
2025-10-02 14:35:00+00:00,143.0625,605.2249755859375
2025-10-02 14:40:00+00:00,142.98500061035156,604.6400146484375
2025-10-02 14:45:00+00:00,142.88999938964844,604.3049926757812
2025-10-02 14:50:00+00:00,142.72000122070312,603.6400146484375
2025-10-02 14:55:00+00:00,142.6699981689453,603.5900268554688
2025-10-02 15:00:00+00:00,142.44000244140625,602.9500122070312
2025-10-02 15:05:00+00:00,142.64999389648438,603.8701171875
2025-10-02 15:10:00+00:00,142.6750030517578,603.8699951171875
2025-10-02 15:15:00+00:00,142.68499755859375,603.8800048828125
2025-10-02 15:20:00+00:00,142.73500061035156,604.1900024414062
2025-10-02 15:25:00+00:00,142.7725067138672,604.1199951171875
2025-10-02 15:30:00+00:00,142.63999938964844,603.8400268554688
2025-10-02 15:35:00+00:00,142.6300048828125,603.5955810546875
2025-10-02 15:40:00+00:00,142.6699981689453,603.7899780273438
2025-10-02 15:45:00+00:00,142.69000244140625,603.8499755859375
2025-10-02 15:50:00+00:00,142.85000610351562,604.6119995117188
2025-10-02 15:55:00+00:00,142.97000122070312,604.969970703125
2025-10-02 16:00:00+00:00,142.90499877929688,604.7150268554688
2025-10-03 13:30:00+00:00,143.5050048828125,606.8099975585938
2025-10-03 13:35:00+00:00,143.85499572753906,607.114990234375
2025-10-03 13:40:00+00:00,143.72000122070312,606.5999755859375
2025-10-03 13:45:00+00:00,143.78500366210938,606.9249877929688
2025-10-03 13:50:00+00:00,143.71249389648438,606.6412963867188
2025-10-03 13:55:00+00:00,143.38499450683594,605.8856201171875
2025-10-03 14:00:00+00:00,143.24000549316406,605.3300170898438
2025-10-03 14:05:00+00:00,143.19000244140625,605.0599975585938
2025-10-03 14:10:00+00:00,143.25,605.1199951171875
2025-10-03 14:15:00+00:00,143.30935668945312,605.0800170898438
2025-10-03 14:20:00+00:00,143.2949981689453,605.2000122070312
2025-10-03 14:25:00+00:00,143.40499877929688,605.4799194335938
2025-10-03 14:30:00+00:00,143.47999572753906,605.5499877929688
2025-10-03 14:35:00+00:00,143.57000732421875,605.9199829101562
2025-10-03 14:40:00+00:00,143.5800018310547,605.9550170898438
2025-10-03 14:45:00+00:00,143.4774932861328,605.6799926757812
2025-10-03 14:50:00+00:00,143.68499755859375,606.1898803710938
2025-10-03 14:55:00+00:00,143.66000366210938,606.0999755859375
2025-10-03 15:00:00+00:00,143.55499267578125,605.8800048828125
2025-10-03 15:05:00+00:00,143.5500030517578,605.9400024414062
2025-10-03 15:10:00+00:00,143.64500427246094,606.280029296875
2025-10-03 15:15:00+00:00,143.6999969482422,606.4099731445312
2025-10-03 15:20:00+00:00,143.77310180664062,606.7000122070312
2025-10-03 15:25:00+00:00,143.7274932861328,606.4901123046875
2025-10-03 15:30:00+00:00,143.67999267578125,606.3699951171875
2025-10-03 15:35:00+00:00,143.61000061035156,606.1599731445312
2025-10-03 15:40:00+00:00,143.57749938964844,606.1799926757812
2025-10-03 15:45:00+00:00,143.56500244140625,606.3001098632812
2025-10-03 15:50:00+00:00,143.61500549316406,606.5791015625
2025-10-03 15:55:00+00:00,143.6649932861328,606.7750244140625
2025-10-03 16:00:00+00:00,143.64999389648438,606.8499145507812
2025-10-06 13:30:00+00:00,144.12794494628906,607.2000122070312
2025-10-06 13:35:00+00:00,144.39500427246094,607.1900024414062
2025-10-06 13:40:00+00:00,144.38499450683594,606.6599731445312
2025-10-06 13:45:00+00:00,144.5500030517578,607.25
2025-10-06 13:50:00+00:00,144.36000061035156,606.8800048828125
2025-10-06 13:55:00+00:00,144.25750732421875,607.030029296875
2025-10-06 14:00:00+00:00,144.2100067138672,607.4400024414062
2025-10-06 14:05:00+00:00,144.0449981689453,606.8599853515625
2025-10-06 14:10:00+00:00,144.0850067138672,607.0999755859375
2025-10-06 14:15:00+00:00,144.0850067138672,607.2000122070312
2025-10-06 14:20:00+00:00,144.17999267578125,607.0900268554688
2025-10-06 14:25:00+00:00,144.07000732421875,606.7449951171875
2025-10-06 14:30:00+00:00,143.9199981689453,606.5198974609375
2025-10-06 14:35:00+00:00,143.98500061035156,606.7647094726562
2025-10-06 14:40:00+00:00,143.86500549316406,606.4299926757812
2025-10-06 14:45:00+00:00,144.125,607.0477294921875
2025-10-06 14:50:00+00:00,143.9600067138672,606.60498046875
2025-10-06 14:55:00+00:00,144.0749969482422,606.9793090820312
2025-10-06 15:00:00+00:00,144.1024932861328,607.22998046875
2025-10-06 15:05:00+00:00,144.13999938964844,607.25
2025-10-06 15:10:00+00:00,144.1649932861328,607.155517578125
2025-10-06 15:15:00+00:00,144.16000366210938,607.205078125
2025-10-06 15:20:00+00:00,144.17999267578125,607.1799926757812
2025-10-06 15:25:00+00:00,144.2050018310547,607.1986083984375
2025-10-06 15:30:00+00:00,144.2725067138672,607.4450073242188
2025-10-06 15:35:00+00:00,144.2899932861328,607.4650268554688
2025-10-06 15:40:00+00:00,144.33749389648438,607.5780029296875
2025-10-06 15:45:00+00:00,144.4375,608.1705932617188
2025-10-06 15:50:00+00:00,144.38250732421875,608.35009765625
2025-10-06 15:55:00+00:00,144.4250030517578,608.2999877929688
2025-10-06 16:00:00+00:00,144.34500122070312,608.0100708007812
2025-10-07 13:30:00+00:00,144.54750061035156,609.0850219726562
2025-10-07 13:35:00+00:00,144.5800018310547,609.280029296875
2025-10-07 13:40:00+00:00,144.6999969482422,609.27001953125
2025-10-07 13:45:00+00:00,144.67999267578125,609.3198852539062
2025-10-07 13:50:00+00:00,144.6300048828125,609.3150024414062
2025-10-07 13:55:00+00:00,144.5800018310547,609.1500244140625
2025-10-07 14:00:00+00:00,144.3350067138672,608.6300048828125
2025-10-07 14:05:00+00:00,144.52499389648438,609.25
2025-10-07 14:10:00+00:00,144.4949951171875,609.1099853515625
2025-10-07 14:15:00+00:00,144.4949951171875,609.1251220703125
2025-10-07 14:20:00+00:00,144.4199981689453,608.94677734375
2025-10-07 14:25:00+00:00,144.3300018310547,608.47998046875
2025-10-07 14:30:00+00:00,144.39999389648438,608.7100219726562
2025-10-07 14:35:00+00:00,144.1300048828125,608.110107421875
2025-10-07 14:40:00+00:00,144.0800018310547,608.1300048828125
2025-10-07 14:45:00+00:00,144.0850067138672,608.0
2025-10-07 14:50:00+00:00,144.05499267578125,607.9298706054688
2025-10-07 14:55:00+00:00,144.0225067138672,607.8292846679688
2025-10-07 15:00:00+00:00,143.55499267578125,606.8455810546875
2025-10-07 15:05:00+00:00,142.7449951171875,604.8300170898438
2025-10-07 15:10:00+00:00,143.18499755859375,606.0399780273438
2025-10-07 15:15:00+00:00,143.1199951171875,605.7650146484375
2025-10-07 15:20:00+00:00,143.1699981689453,605.9340209960938
2025-10-07 15:25:00+00:00,142.8175048828125,605.2100219726562
2025-10-07 15:30:00+00:00,142.6300048828125,604.719970703125
2025-10-07 15:35:00+00:00,142.36500549316406,604.0499877929688
2025-10-07 15:40:00+00:00,142.47000122070312,604.2999877929688
2025-10-07 15:45:00+00:00,142.1925048828125,603.3800048828125
2025-10-07 15:50:00+00:00,142.24249267578125,603.3200073242188
2025-10-07 15:55:00+00:00,142.49000549316406,604.1400146484375
2025-10-07 16:00:00+00:00,142.7100067138672,604.7045288085938
2025-10-08 13:30:00+00:00,143.6649932861328,606.4099731445312
2025-10-08 13:35:00+00:00,143.94500732421875,606.989990234375
2025-10-08 13:40:00+00:00,143.9149932861328,606.5968017578125
2025-10-08 13:45:00+00:00,144.0850067138672,607.2899780273438
2025-10-08 13:50:00+00:00,144.1074981689453,607.344970703125
2025-10-08 13:55:00+00:00,144.22000122070312,607.5900268554688
2025-10-08 14:00:00+00:00,144.3800048828125,608.280029296875
2025-10-08 14:05:00+00:00,144.39999389648438,608.5549926757812
2025-10-08 14:10:00+00:00,144.34500122070312,608.4600219726562
2025-10-08 14:15:00+00:00,144.33749389648438,608.4498901367188
2025-10-08 14:20:00+00:00,144.26499938964844,608.219970703125
2025-10-08 14:25:00+00:00,144.44000244140625,608.6300048828125
2025-10-08 14:30:00+00:00,144.4499969482422,608.5214233398438
2025-10-08 14:35:00+00:00,144.46499633789062,608.5499877929688
2025-10-08 14:40:00+00:00,144.29750061035156,608.1400146484375
2025-10-08 14:45:00+00:00,144.27499389648438,608.0513916015625
2025-10-08 14:50:00+00:00,144.26499938964844,607.7999267578125
2025-10-08 14:55:00+00:00,144.36000061035156,608.094970703125
2025-10-08 15:00:00+00:00,144.44500732421875,608.3300170898438
2025-10-08 15:05:00+00:00,144.37750244140625,608.3499755859375
2025-10-08 15:10:00+00:00,144.38499450683594,608.4998779296875
2025-10-08 15:15:00+00:00,144.4149932861328,608.385009765625
2025-10-08 15:20:00+00:00,144.52999877929688,608.8295288085938
2025-10-08 15:25:00+00:00,144.58999633789062,609.0999755859375
2025-10-08 15:30:00+00:00,144.60675048828125,609.0399169921875
2025-10-08 15:35:00+00:00,144.65499877929688,609.1849975585938
2025-10-08 15:40:00+00:00,144.6699981689453,609.1500244140625
2025-10-08 15:45:00+00:00,144.7449951171875,609.3150024414062
2025-10-08 15:50:00+00:00,144.77999877929688,609.6199951171875
2025-10-08 15:55:00+00:00,144.7100067138672,609.5380249023438
2025-10-08 16:00:00+00:00,144.63999938964844,609.4149780273438
2025-10-09 13:30:00+00:00,145.11265563964844,610.9600219726562
2025-10-09 13:35:00+00:00,145.05999755859375,610.7999877929688
2025-10-09 13:40:00+00:00,144.8800048828125,610.2000122070312
2025-10-09 13:45:00+00:00,145.17250061035156,610.8350219726562
2025-10-09 13:50:00+00:00,144.9550018310547,609.9949951171875
2025-10-09 13:55:00+00:00,145.06500244140625,610.2999877929688
2025-10-09 14:00:00+00:00,145.02999877929688,610.3099975585938
2025-10-09 14:05:00+00:00,145.0399932861328,610.094970703125
2025-10-09 14:10:00+00:00,145.11500549316406,610.1199951171875
2025-10-09 14:15:00+00:00,144.97999572753906,609.9400024414062
2025-10-09 14:20:00+00:00,145.0850067138672,610.1370239257812
2025-10-09 14:25:00+00:00,144.96499633789062,609.6400146484375
2025-10-09 14:30:00+00:00,144.8000030517578,609.0700073242188
2025-10-09 14:35:00+00:00,144.64500427246094,608.739990234375
2025-10-09 14:40:00+00:00,144.61000061035156,608.4450073242188
2025-10-09 14:45:00+00:00,144.8350067138672,609.1799926757812
2025-10-09 14:50:00+00:00,144.9250030517578,609.3350219726562
2025-10-09 14:55:00+00:00,145.05999755859375,609.6300048828125
2025-10-09 15:00:00+00:00,145.18499755859375,609.7899780273438
2025-10-09 15:05:00+00:00,145.27499389648438,609.9849853515625
2025-10-09 15:10:00+00:00,145.1750030517578,609.780029296875
2025-10-09 15:15:00+00:00,145.15249633789062,609.7800903320312
2025-10-09 15:20:00+00:00,144.90499877929688,609.25
2025-10-09 15:25:00+00:00,144.85134887695312,609.0599975585938
2025-10-09 15:30:00+00:00,144.76499938964844,608.625
2025-10-09 15:35:00+00:00,144.875,609.0449829101562
2025-10-09 15:40:00+00:00,144.8699951171875,608.7987060546875
2025-10-09 15:45:00+00:00,145.0850067138672,609.6400146484375
2025-10-09 15:50:00+00:00,145.11500549316406,609.9600219726562
2025-10-09 15:55:00+00:00,145.0850067138672,609.9199829101562
2025-10-09 16:00:00+00:00,145.13995361328125,610.0349731445312
2025-10-10 13:30:00+00:00,145.44000244140625,611.780029296875
2025-10-10 13:35:00+00:00,145.55250549316406,612.7899780273438
2025-10-10 13:40:00+00:00,145.49000549316406,612.6900024414062
2025-10-10 13:45:00+00:00,145.44349670410156,612.35498046875
2025-10-10 13:50:00+00:00,145.36000061035156,611.8800048828125
2025-10-10 13:55:00+00:00,145.43499755859375,612.5
2025-10-10 14:00:00+00:00,145.31500244140625,611.9600219726562
2025-10-10 14:05:00+00:00,145.375,612.219970703125
2025-10-10 14:10:00+00:00,145.25,611.739990234375
2025-10-10 14:15:00+00:00,145.22999572753906,611.614990234375
2025-10-10 14:20:00+00:00,145.3350067138672,611.969970703125
2025-10-10 14:25:00+00:00,145.3300018310547,611.89501953125
2025-10-10 14:30:00+00:00,145.4250030517578,611.989990234375
2025-10-10 14:35:00+00:00,145.35499572753906,611.8699951171875
2025-10-10 14:40:00+00:00,145.4149932861328,612.02001953125
2025-10-10 14:45:00+00:00,145.48500061035156,612.2899780273438
2025-10-10 14:50:00+00:00,145.40499877929688,612.02001953125
2025-10-10 14:55:00+00:00,144.44000244140625,608.52001953125
2025-10-10 15:00:00+00:00,143.43499755859375,604.5399780273438
2025-10-10 15:05:00+00:00,143.23500061035156,603.780029296875
2025-10-10 15:10:00+00:00,143.61000061035156,605.3699951171875
2025-10-10 15:15:00+00:00,142.74000549316406,602.6099853515625
2025-10-10 15:20:00+00:00,141.9149932861328,599.5700073242188
2025-10-10 15:25:00+00:00,141.9499969482422,599.5650024414062
2025-10-10 15:30:00+00:00,141.2100067138672,597.280029296875
2025-10-10 15:35:00+00:00,141.32675170898438,597.1900024414062
2025-10-10 15:40:00+00:00,142.27499389648438,600.530029296875
2025-10-10 15:45:00+00:00,142.11500549316406,600.094970703125
2025-10-10 15:50:00+00:00,142.2899932861328,600.7000122070312
2025-10-10 15:55:00+00:00,141.97999572753906,599.77001953125
2025-10-10 16:00:00+00:00,141.7100067138672,598.6671142578125
2025-10-13 13:30:00+00:00,141.7899932861328,598.0800170898438
2025-10-13 13:35:00+00:00,141.75999450683594,598.02001953125
2025-10-13 13:40:00+00:00,142.125,599.3200073242188
2025-10-13 13:45:00+00:00,142.3300018310547,599.6864013671875
2025-10-13 13:50:00+00:00,142.4199981689453,600.0349731445312
2025-10-13 13:55:00+00:00,142.6999969482422,601.1599731445312
2025-10-13 14:00:00+00:00,142.82000732421875,601.5499877929688
2025-10-13 14:05:00+00:00,142.7624969482422,601.52001953125
2025-10-13 14:10:00+00:00,142.6649932861328,601.0601196289062
2025-10-13 14:15:00+00:00,142.38499450683594,600.489990234375
2025-10-13 14:20:00+00:00,142.19500732421875,599.9099731445312
2025-10-13 14:25:00+00:00,142.1750030517578,599.6300048828125
2025-10-13 14:30:00+00:00,142.375,600.3043823242188
2025-10-13 14:35:00+00:00,142.5500030517578,600.971923828125
2025-10-13 14:40:00+00:00,142.27499389648438,599.8099975585938
2025-10-13 14:45:00+00:00,142.11500549316406,599.1199951171875
2025-10-13 14:50:00+00:00,142.02999877929688,598.6400146484375
2025-10-13 14:55:00+00:00,141.7949981689453,598.0396728515625
2025-10-13 15:00:00+00:00,141.7050018310547,598.1900024414062
2025-10-13 15:05:00+00:00,141.9149932861328,598.97900390625
2025-10-13 15:10:00+00:00,142.11500549316406,599.719970703125
2025-10-13 15:15:00+00:00,142.3699951171875,600.580078125
2025-10-13 15:20:00+00:00,142.33999633789062,600.6099853515625
2025-10-13 15:25:00+00:00,142.4069061279297,600.8956298828125
2025-10-13 15:30:00+00:00,142.47000122070312,601.0800170898438
2025-10-13 15:35:00+00:00,142.39999389648438,600.7999877929688
2025-10-13 15:40:00+00:00,142.27999877929688,600.3499755859375
2025-10-13 15:45:00+00:00,142.39999389648438,601.0098876953125
2025-10-13 15:50:00+00:00,142.4600067138672,601.0599975585938
2025-10-13 15:55:00+00:00,142.55499267578125,601.2550048828125
2025-10-13 16:00:00+00:00,142.5800018310547,601.4099731445312
2025-10-14 13:30:00+00:00,140.08999633789062,593.4099731445312
2025-10-14 13:35:00+00:00,139.72999572753906,592.1799926757812
2025-10-14 13:40:00+00:00,139.31500244140625,590.7999877929688
2025-10-14 13:45:00+00:00,139.3800048828125,591.3800048828125
2025-10-14 13:50:00+00:00,139.85499572753906,593.0700073242188
2025-10-14 13:55:00+00:00,140.05499267578125,593.7999877929688
2025-10-14 14:00:00+00:00,140.2449951171875,594.4810180664062
2025-10-14 14:05:00+00:00,140.0850067138672,593.989990234375
2025-10-14 14:10:00+00:00,140.36500549316406,594.98779296875
2025-10-14 14:15:00+00:00,140.30999755859375,595.0800170898438
2025-10-14 14:20:00+00:00,140.74000549316406,596.52001953125
2025-10-14 14:25:00+00:00,140.9949951171875,597.2999877929688
2025-10-14 14:30:00+00:00,140.72000122070312,596.760009765625
2025-10-14 14:35:00+00:00,140.9270477294922,597.4799194335938
2025-10-14 14:40:00+00:00,140.89999389648438,597.239990234375
2025-10-14 14:45:00+00:00,140.86749267578125,597.1900024414062
2025-10-14 14:50:00+00:00,140.67999267578125,596.77001953125
2025-10-14 14:55:00+00:00,140.61000061035156,596.52001953125
2025-10-14 15:00:00+00:00,140.94500732421875,597.739501953125
2025-10-14 15:05:00+00:00,140.73500061035156,597.0505981445312
2025-10-14 15:10:00+00:00,140.7899932861328,597.14501953125
2025-10-14 15:15:00+00:00,140.67999267578125,596.5900268554688
2025-10-14 15:20:00+00:00,140.90499877929688,597.4500122070312
2025-10-14 15:25:00+00:00,140.8000030517578,596.8298950195312
2025-10-14 15:30:00+00:00,140.88999938964844,597.3400268554688
2025-10-14 15:35:00+00:00,140.7550048828125,597.081298828125
2025-10-14 15:40:00+00:00,141.16000366210938,598.6099853515625
2025-10-14 15:45:00+00:00,141.30499267578125,599.239990234375
2025-10-14 15:50:00+00:00,141.44000244140625,599.6799926757812
2025-10-14 15:55:00+00:00,141.28500366210938,599.27001953125
2025-10-14 16:00:00+00:00,141.19500732421875,598.8699951171875
2025-10-15 13:30:00+00:00,142.3000030517578,603.0501098632812
2025-10-15 13:35:00+00:00,142.08099365234375,602.3900146484375
2025-10-15 13:40:00+00:00,142.17999267578125,602.5499877929688
2025-10-15 13:45:00+00:00,142.10000610351562,601.9500122070312
2025-10-15 13:50:00+00:00,142.5500030517578,603.4320068359375
2025-10-15 13:55:00+00:00,142.72999572753906,604.2899780273438
2025-10-15 14:00:00+00:00,142.80999755859375,604.9099731445312
2025-10-15 14:05:00+00:00,143.1649932861328,606.22998046875
2025-10-15 14:10:00+00:00,143.00999450683594,605.8499755859375
2025-10-15 14:15:00+00:00,143.0800018310547,606.0399780273438
2025-10-15 14:20:00+00:00,143.20249938964844,606.489990234375
2025-10-15 14:25:00+00:00,143.18499755859375,606.3900146484375
2025-10-15 14:30:00+00:00,143.19500732421875,606.530029296875
2025-10-15 14:35:00+00:00,143.0749969482422,606.4500122070312
2025-10-15 14:40:00+00:00,143.06500244140625,606.2100219726562
2025-10-15 14:45:00+00:00,143.05250549316406,606.0900268554688
2025-10-15 14:50:00+00:00,143.02999877929688,605.9650268554688
2025-10-15 14:55:00+00:00,143.1699981689453,606.3400268554688
2025-10-15 15:00:00+00:00,143.1649932861328,606.1599731445312
2025-10-15 15:05:00+00:00,143.1649932861328,606.0800170898438
2025-10-15 15:10:00+00:00,143.13499450683594,605.8099975585938
2025-10-15 15:15:00+00:00,142.9774932861328,605.2501220703125
2025-10-15 15:20:00+00:00,142.9499969482422,605.3200073242188
2025-10-15 15:25:00+00:00,142.9250030517578,605.215576171875
2025-10-15 15:30:00+00:00,142.61500549316406,604.3099975585938
2025-10-15 15:35:00+00:00,142.55499267578125,603.969970703125
2025-10-15 15:40:00+00:00,142.25999450683594,603.030029296875
2025-10-15 15:45:00+00:00,142.03500366210938,602.1607055664062
2025-10-15 15:50:00+00:00,141.8800048828125,601.7249755859375
2025-10-15 15:55:00+00:00,142.14999389648438,602.4099731445312
2025-10-15 16:00:00+00:00,142.2449951171875,602.72998046875
2025-10-16 13:30:00+00:00,143.22000122070312,606.1701049804688
2025-10-16 13:35:00+00:00,143.0124969482422,605.4600219726562
2025-10-16 13:40:00+00:00,143.22000122070312,606.2349853515625
2025-10-16 13:45:00+00:00,142.8300018310547,605.2294921875
2025-10-16 13:50:00+00:00,142.94000244140625,605.5700073242188
2025-10-16 13:55:00+00:00,142.97500610351562,605.5150756835938
2025-10-16 14:00:00+00:00,143.07000732421875,605.6199951171875
2025-10-16 14:05:00+00:00,143.03500366210938,605.2899780273438
2025-10-16 14:10:00+00:00,143.0399932861328,605.0599975585938
2025-10-16 14:15:00+00:00,143.3699951171875,605.739990234375
2025-10-16 14:20:00+00:00,143.41000366210938,606.0899047851562
2025-10-16 14:25:00+00:00,143.36749267578125,605.9600219726562
2025-10-16 14:30:00+00:00,143.46499633789062,606.64990234375
2025-10-16 14:35:00+00:00,143.5399932861328,607.0800170898438
2025-10-16 14:40:00+00:00,143.71499633789062,608.0900268554688
2025-10-16 14:45:00+00:00,143.53500366210938,607.489990234375
2025-10-16 14:50:00+00:00,143.52000427246094,607.3499755859375
2025-10-16 14:55:00+00:00,143.22999572753906,606.5889892578125
2025-10-16 15:00:00+00:00,143.2899932861328,606.510009765625
2025-10-16 15:05:00+00:00,143.49000549316406,607.0200805664062
2025-10-16 15:10:00+00:00,143.49000549316406,606.989990234375
2025-10-16 15:15:00+00:00,143.50999450683594,606.9201049804688
2025-10-16 15:20:00+00:00,143.2449951171875,606.0599975585938
2025-10-16 15:25:00+00:00,142.97500610351562,604.9462280273438
2025-10-16 15:30:00+00:00,143.19000244140625,605.4550170898438
2025-10-16 15:35:00+00:00,143.11500549316406,605.159912109375
2025-10-16 15:40:00+00:00,142.8300018310547,604.010009765625
2025-10-16 15:45:00+00:00,142.6699981689453,603.3200073242188
2025-10-16 15:50:00+00:00,142.7550048828125,603.7100830078125
2025-10-16 15:55:00+00:00,142.6649932861328,603.375
2025-10-16 16:00:00+00:00,142.6300048828125,603.2501220703125
2025-10-17 13:30:00+00:00,141.73500061035156,599.0170288085938
2025-10-17 13:35:00+00:00,141.5449981689453,597.9400024414062
2025-10-17 13:40:00+00:00,141.1699981689453,596.8900146484375
2025-10-17 13:45:00+00:00,141.56500244140625,598.6300048828125
2025-10-17 13:50:00+00:00,142.0625,600.6300048828125
2025-10-17 13:55:00+00:00,141.8300018310547,600.0
2025-10-17 14:00:00+00:00,142.0399932861328,600.6500244140625
2025-10-17 14:05:00+00:00,141.80824279785156,599.9199829101562
2025-10-17 14:10:00+00:00,142.5,602.5781860351562
2025-10-17 14:15:00+00:00,142.1649932861328,601.8499755859375
2025-10-17 14:20:00+00:00,142.33999633789062,602.27001953125
2025-10-17 14:25:00+00:00,142.22000122070312,602.0700073242188
2025-10-17 14:30:00+00:00,141.84500122070312,600.8200073242188
2025-10-17 14:35:00+00:00,141.52000427246094,599.6199951171875
2025-10-17 14:40:00+00:00,141.5749969482422,599.655029296875
2025-10-17 14:45:00+00:00,141.7550048828125,600.4500122070312
2025-10-17 14:50:00+00:00,141.61000061035156,599.9299926757812
2025-10-17 14:55:00+00:00,141.21499633789062,598.5700073242188
2025-10-17 15:00:00+00:00,141.6300048828125,599.989990234375
2025-10-17 15:05:00+00:00,141.48500061035156,599.6500244140625
2025-10-17 15:10:00+00:00,141.08999633789062,598.02001953125
2025-10-17 15:15:00+00:00,141.03500366210938,598.1699829101562
2025-10-17 15:20:00+00:00,140.81500244140625,597.4400024414062
2025-10-17 15:25:00+00:00,140.9149932861328,597.8699951171875
2025-10-17 15:30:00+00:00,140.7949981689453,597.3900146484375
2025-10-17 15:35:00+00:00,141.02000427246094,598.219970703125
2025-10-17 15:40:00+00:00,141.2550048828125,599.1959228515625
2025-10-17 15:45:00+00:00,141.52499389648438,600.1749877929688
2025-10-17 15:50:00+00:00,141.5800018310547,600.3099975585938
2025-10-17 15:55:00+00:00,141.6699981689453,600.6007080078125
2025-10-17 16:00:00+00:00,142.0,601.9766845703125
2025-10-20 13:30:00+00:00,143.60499572753906,608.77001953125
2025-10-20 13:35:00+00:00,143.75999450683594,609.340087890625
2025-10-20 13:40:00+00:00,143.63499450683594,608.8800048828125
2025-10-20 13:45:00+00:00,143.7050018310547,609.6199951171875
2025-10-20 13:50:00+00:00,143.7949981689453,609.8400268554688
2025-10-20 13:55:00+00:00,143.77000427246094,609.6199951171875
2025-10-20 14:00:00+00:00,143.89500427246094,610.0650024414062
2025-10-20 14:05:00+00:00,143.9550018310547,610.29931640625
2025-10-20 14:10:00+00:00,143.89999389648438,610.0499267578125
2025-10-20 14:15:00+00:00,143.8800048828125,609.7449951171875
2025-10-20 14:20:00+00:00,144.11500549316406,610.2999877929688
2025-10-20 14:25:00+00:00,144.34500122070312,611.09912109375
2025-10-20 14:30:00+00:00,144.2449951171875,610.7899780273438
2025-10-20 14:35:00+00:00,144.30999755859375,611.2000122070312
2025-10-20 14:40:00+00:00,144.40499877929688,611.4199829101562
2025-10-20 14:45:00+00:00,144.4949951171875,611.72998046875
2025-10-20 14:50:00+00:00,144.61000061035156,611.9644775390625
2025-10-20 14:55:00+00:00,144.59500122070312,611.8400268554688
2025-10-20 15:00:00+00:00,144.5449981689453,611.7498779296875
2025-10-20 15:05:00+00:00,144.6125030517578,611.885009765625
2025-10-20 15:10:00+00:00,144.5,611.2849731445312
2025-10-20 15:15:00+00:00,144.6300048828125,611.9400024414062
2025-10-20 15:20:00+00:00,144.58999633789062,611.989990234375
2025-10-20 15:25:00+00:00,144.5500030517578,611.989990234375
2025-10-20 15:30:00+00:00,144.47999572753906,611.9600219726562
2025-10-20 15:35:00+00:00,144.4149932861328,611.8900146484375
2025-10-20 15:40:00+00:00,144.4250030517578,611.8250122070312
2025-10-20 15:45:00+00:00,144.5800018310547,612.3200073242188
2025-10-20 15:50:00+00:00,144.52999877929688,612.135009765625
2025-10-20 15:55:00+00:00,144.41000366210938,611.905029296875
2025-10-20 16:00:00+00:00,144.39500427246094,611.8300170898438
2025-10-21 13:30:00+00:00,143.85499572753906,611.1099853515625
2025-10-21 13:35:00+00:00,144.03500366210938,611.0900268554688
2025-10-21 13:40:00+00:00,143.85499572753906,610.530029296875
2025-10-21 13:45:00+00:00,143.79005432128906,610.1900024414062
2025-10-21 13:50:00+00:00,143.84500122070312,610.4998779296875
2025-10-21 13:55:00+00:00,143.6750030517578,610.010009765625
2025-10-21 14:00:00+00:00,143.5594940185547,609.7999877929688
2025-10-21 14:05:00+00:00,143.6549530029297,609.885009765625
2025-10-21 14:10:00+00:00,143.82000732421875,610.3952026367188
2025-10-21 14:15:00+00:00,144.02000427246094,610.989990234375
2025-10-21 14:20:00+00:00,144.02999877929688,610.875
2025-10-21 14:25:00+00:00,143.61000061035156,609.7349853515625
2025-10-21 14:30:00+00:00,143.6699981689453,609.9979858398438
2025-10-21 14:35:00+00:00,143.82000732421875,610.4600219726562
2025-10-21 14:40:00+00:00,143.80499267578125,610.35498046875
2025-10-21 14:45:00+00:00,143.97999572753906,610.66552734375
2025-10-21 14:50:00+00:00,144.1199951171875,611.1199951171875
2025-10-21 14:55:00+00:00,144.2949981689453,611.5844116210938
2025-10-21 15:00:00+00:00,144.3000030517578,611.0599975585938
2025-10-21 15:05:00+00:00,144.41000366210938,611.2901000976562
2025-10-21 15:10:00+00:00,144.47500610351562,611.2650146484375
2025-10-21 15:15:00+00:00,144.36500549316406,610.9450073242188
2025-10-21 15:20:00+00:00,144.34500122070312,610.8400268554688
2025-10-21 15:25:00+00:00,144.41000366210938,611.0386962890625
2025-10-21 15:30:00+00:00,144.48500061035156,611.4099731445312
2025-10-21 15:35:00+00:00,144.3800048828125,611.0599975585938
2025-10-21 15:40:00+00:00,144.4199981689453,611.1699829101562
2025-10-21 15:45:00+00:00,144.55499267578125,611.8250122070312
2025-10-21 15:50:00+00:00,144.5800018310547,612.1099853515625
2025-10-21 15:55:00+00:00,144.57000732421875,612.143798828125
2025-10-21 16:00:00+00:00,144.65499877929688,612.3900146484375
2025-10-22 13:30:00+00:00,143.66000366210938,608.9006958007812
2025-10-22 13:35:00+00:00,143.8350067138672,609.9099731445312
2025-10-22 13:40:00+00:00,144.1999969482422,610.7100219726562
2025-10-22 13:45:00+00:00,144.1925048828125,610.614990234375
2025-10-22 13:50:00+00:00,144.3175048828125,611.2050170898438
2025-10-22 13:55:00+00:00,144.18499755859375,610.64501953125
2025-10-22 14:00:00+00:00,144.14999389648438,610.469970703125
2025-10-22 14:05:00+00:00,144.125,610.5499877929688
2025-10-22 14:10:00+00:00,143.8249969482422,609.530029296875
2025-10-22 14:15:00+00:00,143.96499633789062,610.1500244140625
2025-10-22 14:20:00+00:00,143.64500427246094,609.0900268554688
2025-10-22 14:25:00+00:00,143.08999633789062,607.4199829101562
2025-10-22 14:30:00+00:00,143.0449981689453,607.27001953125
2025-10-22 14:35:00+00:00,142.8000030517578,606.6599731445312
2025-10-22 14:40:00+00:00,142.67999267578125,606.1787109375
2025-10-22 14:45:00+00:00,142.94505310058594,607.010009765625
2025-10-22 14:50:00+00:00,143.13490295410156,607.5900268554688
2025-10-22 14:55:00+00:00,143.38499450683594,608.5980224609375
2025-10-22 15:00:00+00:00,143.41000366210938,608.7100219726562
2025-10-22 15:05:00+00:00,143.16000366210938,608.260009765625
2025-10-22 15:10:00+00:00,143.0500030517578,607.8150024414062
2025-10-22 15:15:00+00:00,142.83999633789062,607.2999877929688
2025-10-22 15:20:00+00:00,142.4600067138672,605.8200073242188
2025-10-22 15:25:00+00:00,142.28500366210938,605.1099853515625
2025-10-22 15:30:00+00:00,142.2449951171875,605.1799926757812
2025-10-22 15:35:00+00:00,142.3000030517578,605.3800048828125
2025-10-22 15:40:00+00:00,142.50999450683594,605.9299926757812
2025-10-22 15:45:00+00:00,142.875,606.9000244140625
2025-10-22 15:50:00+00:00,142.9550018310547,607.1947021484375
2025-10-22 15:55:00+00:00,142.8699951171875,606.8200073242188
2025-10-22 16:00:00+00:00,142.72000122070312,606.1799926757812
2025-10-23 13:30:00+00:00,142.76499938964844,605.2999877929688
2025-10-23 13:35:00+00:00,143.02499389648438,606.1798706054688
2025-10-23 13:40:00+00:00,143.14999389648438,606.739990234375
2025-10-23 13:45:00+00:00,143.55999755859375,607.8200073242188
2025-10-23 13:50:00+00:00,143.8000030517578,608.47802734375
2025-10-23 13:55:00+00:00,143.8350067138672,608.3400268554688
2025-10-23 14:00:00+00:00,143.8000030517578,608.260009765625
2025-10-23 14:05:00+00:00,143.58999633789062,607.5
2025-10-23 14:10:00+00:00,143.68499755859375,607.780029296875
2025-10-23 14:15:00+00:00,143.39500427246094,606.7999877929688
2025-10-23 14:20:00+00:00,143.86500549316406,608.2100219726562
2025-10-23 14:25:00+00:00,143.8649444580078,608.02001953125
2025-10-23 14:30:00+00:00,143.9550018310547,608.4099731445312
2025-10-23 14:35:00+00:00,144.10000610351562,609.0
2025-10-23 14:40:00+00:00,143.9499969482422,608.42578125
2025-10-23 14:45:00+00:00,144.1945037841797,609.1799926757812
2025-10-23 14:50:00+00:00,143.91000366210938,608.2852172851562
2025-10-23 14:55:00+00:00,144.1699981689453,609.0501098632812
2025-10-23 15:00:00+00:00,144.10000610351562,608.8067016601562
2025-10-23 15:05:00+00:00,144.14999389648438,608.97998046875
2025-10-23 15:10:00+00:00,144.0800018310547,608.659912109375
2025-10-23 15:15:00+00:00,143.99000549316406,608.2698974609375
2025-10-23 15:20:00+00:00,144.02499389648438,608.510009765625
2025-10-23 15:25:00+00:00,144.14500427246094,608.8099975585938
2025-10-23 15:30:00+00:00,144.2050018310547,609.0399780273438
2025-10-23 15:35:00+00:00,144.13499450683594,608.6400146484375
2025-10-23 15:40:00+00:00,143.86000061035156,607.5900268554688
2025-10-23 15:45:00+00:00,144.1699981689453,608.530029296875
2025-10-23 15:50:00+00:00,144.4199981689453,609.22998046875
2025-10-23 15:55:00+00:00,144.3699951171875,609.1707153320312
2025-10-23 16:00:00+00:00,144.47000122070312,609.4400024414062
2025-10-24 13:30:00+00:00,146.46499633789062,616.5700073242188
2025-10-24 13:35:00+00:00,146.67999267578125,616.9650268554688
2025-10-24 13:40:00+00:00,146.63499450683594,617.0999755859375
2025-10-24 13:45:00+00:00,146.44500732421875,616.4299926757812
2025-10-24 13:50:00+00:00,146.39999389648438,616.3699951171875
2025-10-24 13:55:00+00:00,146.5,616.989990234375
2025-10-24 14:00:00+00:00,146.4199981689453,617.1400146484375
2025-10-24 14:05:00+00:00,146.5500030517578,617.5549926757812
2025-10-24 14:10:00+00:00,146.57000732421875,617.6799926757812
2025-10-24 14:15:00+00:00,146.5749969482422,617.5
2025-10-24 14:20:00+00:00,146.4550018310547,617.1400146484375
2025-10-24 14:25:00+00:00,146.3800048828125,616.7650146484375
2025-10-24 14:30:00+00:00,146.48500061035156,616.7899780273438
2025-10-24 14:35:00+00:00,146.55999755859375,617.0399780273438
2025-10-24 14:40:00+00:00,146.74000549316406,617.5159301757812
2025-10-24 14:45:00+00:00,146.64500427246094,617.0999755859375
2025-10-24 14:50:00+00:00,146.4149932861328,616.130126953125
2025-10-24 14:55:00+00:00,146.4499969482422,616.0449829101562
2025-10-24 15:00:00+00:00,146.4550018310547,616.010009765625
2025-10-24 15:05:00+00:00,146.5850067138672,616.4901123046875
2025-10-24 15:10:00+00:00,146.66749572753906,616.8599853515625
2025-10-24 15:15:00+00:00,146.71499633789062,617.0900268554688
2025-10-24 15:20:00+00:00,146.92999267578125,617.719970703125
2025-10-24 15:25:00+00:00,146.88999938964844,617.5800170898438
2025-10-24 15:30:00+00:00,146.9199981689453,617.510009765625
2025-10-24 15:35:00+00:00,146.9499969482422,617.6099853515625
2025-10-24 15:40:00+00:00,146.86000061035156,617.280029296875
2025-10-24 15:45:00+00:00,146.85000610351562,617.2899780273438
2025-10-24 15:50:00+00:00,146.875,617.3200073242188
2025-10-24 15:55:00+00:00,146.89999389648438,617.35009765625
2025-10-24 16:00:00+00:00,146.9800567626953,617.6400146484375
2025-10-27 13:30:00+00:00,148.7449951171875,624.6890258789062
2025-10-27 13:35:00+00:00,148.8300018310547,625.0615844726562
2025-10-27 13:40:00+00:00,148.80999755859375,625.0499877929688
2025-10-27 13:45:00+00:00,148.76499938964844,624.9199829101562
2025-10-27 13:50:00+00:00,148.81500244140625,625.114990234375
2025-10-27 13:55:00+00:00,148.86500549316406,625.3001098632812
2025-10-27 14:00:00+00:00,149.0,625.7100219726562
2025-10-27 14:05:00+00:00,148.9949951171875,625.760009765625
2025-10-27 14:10:00+00:00,149.00999450683594,625.5800170898438
2025-10-27 14:15:00+00:00,148.80999755859375,624.9500122070312
2025-10-27 14:20:00+00:00,148.81500244140625,625.0
2025-10-27 14:25:00+00:00,149.1199951171875,625.7949829101562
2025-10-27 14:30:00+00:00,149.16905212402344,625.9000244140625
2025-10-27 14:35:00+00:00,149.23500061035156,626.0900268554688
2025-10-27 14:40:00+00:00,149.23500061035156,626.2650146484375
2025-10-27 14:45:00+00:00,149.135498046875,625.9600219726562
2025-10-27 14:50:00+00:00,149.10499572753906,625.77001953125
2025-10-27 14:55:00+00:00,148.9949951171875,625.5399780273438
2025-10-27 15:00:00+00:00,149.22000122070312,626.0449829101562
2025-10-27 15:05:00+00:00,149.22999572753906,626.010009765625
2025-10-27 15:10:00+00:00,149.36500549316406,626.3900146484375
2025-10-27 15:15:00+00:00,149.1699981689453,626.1950073242188
2025-10-27 15:20:00+00:00,149.16000366210938,626.3800048828125
2025-10-27 15:25:00+00:00,149.14999389648438,626.510009765625
2025-10-27 15:30:00+00:00,149.13499450683594,626.5349731445312
2025-10-27 15:35:00+00:00,149.13999938964844,626.4949951171875
2025-10-27 15:40:00+00:00,149.1929473876953,626.7449951171875
2025-10-27 15:45:00+00:00,149.1699981689453,626.6599731445312
2025-10-27 15:50:00+00:00,149.03500366210938,626.3599853515625
2025-10-27 15:55:00+00:00,149.0449981689453,626.3900146484375
2025-10-27 16:00:00+00:00,149.10499572753906,626.7100219726562
2025-10-28 13:30:00+00:00,150.33250427246094,630.77001953125
2025-10-28 13:35:00+00:00,150.18499755859375,630.5700073242188
2025-10-28 13:40:00+00:00,150.30999755859375,630.969970703125
2025-10-28 13:45:00+00:00,150.10000610351562,630.530029296875
2025-10-28 13:50:00+00:00,149.89999389648438,629.9000244140625
2025-10-28 13:55:00+00:00,150.08749389648438,630.5850219726562
2025-10-28 14:00:00+00:00,150.1374969482422,630.75
2025-10-28 14:05:00+00:00,150.02499389648438,630.7000122070312
2025-10-28 14:10:00+00:00,150.1425018310547,630.8099975585938
2025-10-28 14:15:00+00:00,150.03500366210938,630.489990234375
2025-10-28 14:20:00+00:00,150.0399932861328,630.260009765625
2025-10-28 14:25:00+00:00,150.0399932861328,630.2000122070312
2025-10-28 14:30:00+00:00,150.0,629.9400024414062
2025-10-28 14:35:00+00:00,149.97000122070312,629.7100219726562
2025-10-28 14:40:00+00:00,149.92999267578125,629.6699829101562
2025-10-28 14:45:00+00:00,149.98500061035156,629.9600219726562
2025-10-28 14:50:00+00:00,149.96499633789062,630.030029296875
2025-10-28 14:55:00+00:00,149.93499755859375,629.9071044921875
2025-10-28 15:00:00+00:00,149.94000244140625,629.9600219726562
2025-10-28 15:05:00+00:00,149.98500061035156,630.3685302734375
2025-10-28 15:10:00+00:00,149.9149932861328,630.0762939453125
2025-10-28 15:15:00+00:00,149.9199981689453,630.1900024414062
2025-10-28 15:20:00+00:00,149.92999267578125,630.0999755859375
2025-10-28 15:25:00+00:00,149.97999572753906,630.155029296875
2025-10-28 15:30:00+00:00,149.85400390625,629.7899780273438
2025-10-28 15:35:00+00:00,150.08999633789062,630.2999877929688
2025-10-28 15:40:00+00:00,150.02999877929688,629.9400024414062
2025-10-28 15:45:00+00:00,150.1649932861328,630.1599731445312
2025-10-28 15:50:00+00:00,150.16000366210938,630.27001953125
2025-10-28 15:55:00+00:00,150.21499633789062,630.5299072265625
2025-10-28 16:00:00+00:00,150.24749755859375,630.7249755859375
2025-10-29 13:30:00+00:00,152.39024353027344,635.875
2025-10-29 13:35:00+00:00,152.4499969482422,635.739990234375
2025-10-29 13:40:00+00:00,152.57000732421875,635.8099975585938
2025-10-29 13:45:00+00:00,152.63999938964844,635.9600219726562
2025-10-29 13:50:00+00:00,152.63999938964844,636.1699829101562
2025-10-29 13:55:00+00:00,152.9425048828125,636.8350219726562
2025-10-29 14:00:00+00:00,152.74000549316406,636.0800170898438
2025-10-29 14:05:00+00:00,152.60499572753906,635.875
2025-10-29 14:10:00+00:00,152.6199951171875,636.0599975585938
2025-10-29 14:15:00+00:00,152.57000732421875,636.1300048828125
2025-10-29 14:20:00+00:00,152.52999877929688,636.1199951171875
2025-10-29 14:25:00+00:00,152.68499755859375,636.3200073242188
2025-10-29 14:30:00+00:00,152.72000122070312,636.47998046875
2025-10-29 14:35:00+00:00,152.72500610351562,636.4318237304688
2025-10-29 14:40:00+00:00,152.56500244140625,635.8150024414062
2025-10-29 14:45:00+00:00,152.3800048828125,635.4349975585938
2025-10-29 14:50:00+00:00,152.47000122070312,635.7000122070312
2025-10-29 14:55:00+00:00,152.38499450683594,635.3920288085938
2025-10-29 15:00:00+00:00,152.22999572753906,635.289794921875
2025-10-29 15:05:00+00:00,152.38499450683594,635.3599853515625
2025-10-29 15:10:00+00:00,152.33999633789062,635.2999877929688
2025-10-29 15:15:00+00:00,152.40499877929688,635.5750122070312
2025-10-29 15:20:00+00:00,152.40499877929688,635.6900024414062
2025-10-29 15:25:00+00:00,152.35000610351562,635.2650146484375
2025-10-29 15:30:00+00:00,152.1699981689453,634.9299926757812
2025-10-29 15:35:00+00:00,152.1699981689453,635.0399780273438
2025-10-29 15:40:00+00:00,152.0749969482422,634.77001953125
2025-10-29 15:45:00+00:00,152.0850067138672,635.0700073242188
2025-10-29 15:50:00+00:00,152.0800018310547,635.0700073242188
2025-10-29 15:55:00+00:00,152.02000427246094,634.875
2025-10-29 16:00:00+00:00,151.74789428710938,634.2750244140625
2025-10-30 13:30:00+00:00,150.86500549316406,630.1799926757812
2025-10-30 13:35:00+00:00,150.4949951171875,628.219970703125
2025-10-30 13:40:00+00:00,150.8300018310547,628.510009765625
2025-10-30 13:45:00+00:00,151.35499572753906,630.55029296875
2025-10-30 13:50:00+00:00,151.69500732421875,632.3699951171875
2025-10-30 13:55:00+00:00,151.64500427246094,632.2000122070312
2025-10-30 14:00:00+00:00,151.44000244140625,631.5999755859375
2025-10-30 14:05:00+00:00,151.27499389648438,631.3699951171875
2025-10-30 14:10:00+00:00,151.47500610351562,631.77001953125
2025-10-30 14:15:00+00:00,150.9550018310547,630.3408813476562
2025-10-30 14:20:00+00:00,150.80499267578125,629.8099975585938
2025-10-30 14:25:00+00:00,150.8000030517578,629.6400146484375
2025-10-30 14:30:00+00:00,150.99000549316406,630.3499755859375
2025-10-30 14:35:00+00:00,151.0,630.1400146484375
2025-10-30 14:40:00+00:00,151.24000549316406,631.1300048828125
2025-10-30 14:45:00+00:00,151.08749389648438,630.5598754882812
2025-10-30 14:50:00+00:00,150.71249389648438,629.2000122070312
2025-10-30 14:55:00+00:00,150.80499267578125,629.5614013671875
2025-10-30 15:00:00+00:00,150.97000122070312,630.3499755859375
2025-10-30 15:05:00+00:00,150.96499633789062,630.5499877929688
2025-10-30 15:10:00+00:00,151.1699981689453,630.8599853515625
2025-10-30 15:15:00+00:00,151.09500122070312,630.6099853515625
2025-10-30 15:20:00+00:00,151.0850067138672,630.7349853515625
2025-10-30 15:25:00+00:00,151.05499267578125,630.5598754882812
2025-10-30 15:30:00+00:00,150.80580139160156,629.9199829101562
2025-10-30 15:35:00+00:00,150.60499572753906,629.1900024414062
2025-10-30 15:40:00+00:00,150.6649932861328,629.1500244140625
2025-10-30 15:45:00+00:00,150.5124969482422,628.6300048828125
2025-10-30 15:50:00+00:00,150.5800018310547,628.969970703125
2025-10-30 15:55:00+00:00,150.61000061035156,628.9400024414062
2025-10-30 16:00:00+00:00,150.87530517578125,629.9299926757812
2025-10-31 13:30:00+00:00,151.55499267578125,633.2113037109375
2025-10-31 13:35:00+00:00,151.375,632.8599853515625
2025-10-31 13:40:00+00:00,151.25250244140625,632.25
2025-10-31 13:45:00+00:00,151.07000732421875,632.02001953125
2025-10-31 13:50:00+00:00,151.13999938964844,632.0750122070312
2025-10-31 13:55:00+00:00,150.97500610351562,631.8784790039062
2025-10-31 14:00:00+00:00,150.72500610351562,630.969970703125
2025-10-31 14:05:00+00:00,150.89999389648438,631.6599731445312
2025-10-31 14:10:00+00:00,150.88999938964844,631.4000244140625
2025-10-31 14:15:00+00:00,151.03500366210938,632.030029296875
2025-10-31 14:20:00+00:00,150.89999389648438,631.7999877929688
2025-10-31 14:25:00+00:00,151.0050048828125,631.9100952148438
2025-10-31 14:30:00+00:00,151.14999389648438,632.3099975585938
2025-10-31 14:35:00+00:00,151.22999572753906,632.9299926757812
2025-10-31 14:40:00+00:00,151.3699951171875,633.2999877929688
2025-10-31 14:45:00+00:00,151.38499450683594,633.4600219726562
2025-10-31 14:50:00+00:00,151.33999633789062,633.22998046875
2025-10-31 14:55:00+00:00,151.39500427246094,633.3400268554688
2025-10-31 15:00:00+00:00,151.37789916992188,633.260009765625
2025-10-31 15:05:00+00:00,151.3300018310547,633.2100830078125
2025-10-31 15:10:00+00:00,151.34500122070312,633.4351806640625
2025-10-31 15:15:00+00:00,151.41749572753906,633.6699829101562
2025-10-31 15:20:00+00:00,151.22999572753906,633.1699829101562
2025-10-31 15:25:00+00:00,151.01499938964844,632.6599731445312
2025-10-31 15:30:00+00:00,151.0500030517578,632.77001953125
2025-10-31 15:35:00+00:00,150.6750030517578,631.739990234375
2025-10-31 15:40:00+00:00,150.7550048828125,632.2467041015625
2025-10-31 15:45:00+00:00,150.4199981689453,631.0999755859375
2025-10-31 15:50:00+00:00,150.4199981689453,631.3200073242188
2025-10-31 15:55:00+00:00,150.22000122070312,630.5900268554688
2025-10-31 16:00:00+00:00,150.2274932861328,630.1900024414062
2025-11-03 14:30:00+00:00,151.6824951171875,635.0599975585938
2025-11-03 14:35:00+00:00,151.31500244140625,633.6699829101562
2025-11-03 14:40:00+00:00,151.1699981689453,633.4500122070312
2025-11-03 14:45:00+00:00,151.02999877929688,633.1500244140625
2025-11-03 14:50:00+00:00,150.86500549316406,632.75
2025-11-03 14:55:00+00:00,150.92750549316406,632.760009765625
2025-11-03 15:00:00+00:00,150.83999633789062,632.14697265625
2025-11-03 15:05:00+00:00,150.7843475341797,632.4400024414062
2025-11-03 15:10:00+00:00,150.8125,632.4901123046875
2025-11-03 15:15:00+00:00,150.74749755859375,632.0999755859375
2025-11-03 15:20:00+00:00,150.68499755859375,631.5900268554688
2025-11-03 15:25:00+00:00,150.35499572753906,630.5299072265625
2025-11-03 15:30:00+00:00,150.22500610351562,630.1900024414062
2025-11-03 15:35:00+00:00,150.4600067138672,631.2899780273438
2025-11-03 15:40:00+00:00,150.4600067138672,631.6400146484375
2025-11-03 15:45:00+00:00,150.2274932861328,630.844970703125
2025-11-03 15:50:00+00:00,150.5399932861328,631.2249755859375
2025-11-03 15:55:00+00:00,150.63999938964844,631.6099853515625
2025-11-03 16:00:00+00:00,150.60000610351562,631.2899780273438
2025-11-04 14:30:00+00:00,147.61500549316406,621.6900024414062
2025-11-04 14:35:00+00:00,147.6699981689453,621.9799194335938
2025-11-04 14:40:00+00:00,148.38999938964844,624.0892944335938
2025-11-04 14:45:00+00:00,148.46499633789062,624.139892578125
2025-11-04 14:50:00+00:00,148.99000549316406,625.9600219726562
2025-11-04 14:55:00+00:00,149.15249633789062,626.5150146484375
2025-11-04 15:00:00+00:00,149.09750366210938,626.489990234375
2025-11-04 15:05:00+00:00,148.78504943847656,625.9149780273438
2025-11-04 15:10:00+00:00,148.79249572753906,625.9249877929688
2025-11-04 15:15:00+00:00,148.98500061035156,626.3900146484375
2025-11-04 15:20:00+00:00,149.02999877929688,626.419677734375
2025-11-04 15:25:00+00:00,148.95509338378906,626.22998046875
2025-11-04 15:30:00+00:00,148.88499450683594,626.260009765625
2025-11-04 15:35:00+00:00,148.93499755859375,626.4788818359375
2025-11-04 15:40:00+00:00,148.91000366210938,626.4000244140625
2025-11-04 15:45:00+00:00,148.64999389648438,625.4600219726562
2025-11-04 15:50:00+00:00,148.4949951171875,624.8200073242188
2025-11-04 15:55:00+00:00,148.44500732421875,624.4099731445312
2025-11-04 16:00:00+00:00,148.43499755859375,624.5999755859375
2025-11-05 14:30:00+00:00,146.6199951171875,617.52001953125
2025-11-05 14:35:00+00:00,146.9550018310547,618.8099975585938
2025-11-05 14:40:00+00:00,146.89999389648438,618.1400146484375
2025-11-05 14:45:00+00:00,147.36000061035156,620.1599731445312
2025-11-05 14:50:00+00:00,147.7050018310547,621.5499877929688
2025-11-05 14:55:00+00:00,147.69000244140625,621.97998046875
2025-11-05 15:00:00+00:00,147.4199981689453,621.22998046875
2025-11-05 15:05:00+00:00,147.59500122070312,621.8201293945312
2025-11-05 15:10:00+00:00,147.36500549316406,621.0599975585938
2025-11-05 15:15:00+00:00,147.48500061035156,621.0900268554688
2025-11-05 15:20:00+00:00,147.6750030517578,621.9400024414062
2025-11-05 15:25:00+00:00,147.75999450683594,622.0399780273438
2025-11-05 15:30:00+00:00,147.8249969482422,622.2249755859375
2025-11-05 15:35:00+00:00,147.85499572753906,622.4199829101562
2025-11-05 15:40:00+00:00,147.85499572753906,622.3800048828125
2025-11-05 15:45:00+00:00,147.86500549316406,622.4299926757812
2025-11-05 15:50:00+00:00,147.9149932861328,622.4299926757812
2025-11-05 15:55:00+00:00,148.05499267578125,622.8099975585938
2025-11-05 16:00:00+00:00,148.02999877929688,622.5599975585938
2025-11-06 14:30:00+00:00,147.14999389648438,621.1599731445312
2025-11-06 14:35:00+00:00,147.04750061035156,621.1287231445312
2025-11-06 14:40:00+00:00,146.77499389648438,620.2000122070312
2025-11-06 14:45:00+00:00,146.89500427246094,620.7299194335938
2025-11-06 14:50:00+00:00,146.28500366210938,618.9099731445312
2025-11-06 14:55:00+00:00,146.0,617.9000244140625
2025-11-06 15:00:00+00:00,145.4550018310547,615.5700073242188
2025-11-06 15:05:00+00:00,145.67999267578125,616.165771484375
2025-11-06 15:10:00+00:00,145.53500366210938,615.72998046875
2025-11-06 15:15:00+00:00,146.0,617.260009765625
2025-11-06 15:20:00+00:00,146.35000610351562,618.2999877929688
2025-11-06 15:25:00+00:00,146.17999267578125,617.719970703125
2025-11-06 15:30:00+00:00,145.69000244140625,616.2899780273438
2025-11-06 15:35:00+00:00,145.0449981689453,614.22998046875
2025-11-06 15:40:00+00:00,144.82000732421875,613.3499755859375
2025-11-06 15:45:00+00:00,144.9300537109375,613.7000122070312
2025-11-06 15:50:00+00:00,145.03500366210938,613.6900024414062
2025-11-06 15:55:00+00:00,144.69500732421875,612.8300170898438
2025-11-06 16:00:00+00:00,145.0399932861328,613.989990234375
2025-11-07 14:30:00+00:00,143.24000549316406,607.125
2025-11-07 14:35:00+00:00,142.0500030517578,603.8599853515625
2025-11-07 14:40:00+00:00,142.60499572753906,605.0900268554688
2025-11-07 14:45:00+00:00,142.4149932861328,604.1701049804688
2025-11-07 14:50:00+00:00,142.88999938964844,605.6400146484375
2025-11-07 14:55:00+00:00,143.11500549316406,606.0800170898438
2025-11-07 15:00:00+00:00,142.47500610351562,604.25
2025-11-07 15:05:00+00:00,142.68499755859375,604.989990234375
2025-11-07 15:10:00+00:00,142.88999938964844,606.02001953125
2025-11-07 15:15:00+00:00,142.84500122070312,605.8499755859375
2025-11-07 15:20:00+00:00,142.5500030517578,604.6599731445312
2025-11-07 15:25:00+00:00,142.59249877929688,604.9500122070312
2025-11-07 15:30:00+00:00,142.33250427246094,603.739990234375
2025-11-07 15:35:00+00:00,142.13999938964844,603.0899047851562
2025-11-07 15:40:00+00:00,141.90249633789062,602.530029296875
2025-11-07 15:45:00+00:00,141.88999938964844,602.3150024414062
2025-11-07 15:50:00+00:00,141.91000366210938,602.1699829101562
2025-11-07 15:55:00+00:00,141.6699981689453,601.4199829101562
2025-11-07 16:00:00+00:00,141.76504516601562,601.9400024414062
2025-11-10 14:30:00+00:00,146.93499755859375,619.6699829101562
2025-11-10 14:35:00+00:00,147.15745544433594,620.6799926757812
2025-11-10 14:40:00+00:00,147.33999633789062,621.1199951171875
2025-11-10 14:45:00+00:00,147.23500061035156,620.7899780273438
2025-11-10 14:50:00+00:00,147.1649932861328,620.719970703125
2025-11-10 14:55:00+00:00,147.2675018310547,621.2999877929688
2025-11-10 15:00:00+00:00,147.35499572753906,621.3800048828125
2025-11-10 15:05:00+00:00,147.30250549316406,621.4149780273438
2025-11-10 15:10:00+00:00,147.1999969482422,620.989990234375
2025-11-10 15:15:00+00:00,147.27499389648438,621.030029296875
2025-11-10 15:20:00+00:00,147.52999877929688,621.780029296875
2025-11-10 15:25:00+00:00,147.4600067138672,621.4650268554688
2025-11-10 15:30:00+00:00,147.5124969482422,621.719970703125
2025-11-10 15:35:00+00:00,147.375,621.1799926757812
2025-11-10 15:40:00+00:00,147.13499450683594,620.8300170898438
2025-11-10 15:45:00+00:00,147.06500244140625,620.5599975585938
2025-11-10 15:50:00+00:00,146.72500610351562,619.4000244140625
2025-11-10 15:55:00+00:00,146.48500061035156,618.5700073242188
2025-11-10 16:00:00+00:00,146.3249969482422,618.1599731445312
2025-11-11 14:30:00+00:00,146.78750610351562,620.8599853515625
2025-11-11 14:35:00+00:00,146.7949981689453,620.9299926757812
2025-11-11 14:40:00+00:00,146.8249969482422,620.6600952148438
2025-11-11 14:45:00+00:00,146.6750030517578,620.010009765625
2025-11-11 14:50:00+00:00,146.4550018310547,619.8519897460938
2025-11-11 14:55:00+00:00,146.78500366210938,621.0800170898438
2025-11-11 15:00:00+00:00,146.6649932861328,620.3599853515625
2025-11-11 15:05:00+00:00,146.49000549316406,619.969970703125
2025-11-11 15:10:00+00:00,146.3350067138672,619.7199096679688
2025-11-11 15:15:00+00:00,146.0,619.0150146484375
2025-11-11 15:20:00+00:00,146.21499633789062,619.5599975585938
2025-11-11 15:25:00+00:00,146.04750061035156,619.1199951171875
2025-11-11 15:30:00+00:00,145.80999755859375,618.4050903320312
2025-11-11 15:35:00+00:00,145.85400390625,618.5700073242188
2025-11-11 15:40:00+00:00,146.03500366210938,618.969970703125
2025-11-11 15:45:00+00:00,145.81069946289062,618.5
2025-11-11 15:50:00+00:00,145.61500549316406,618.0299072265625
2025-11-11 15:55:00+00:00,145.8125,618.3300170898438
2025-11-11 16:00:00+00:00,145.7899932861328,618.4400024414062
2025-11-12 14:30:00+00:00,147.2587432861328,622.4299926757812
2025-11-12 14:35:00+00:00,147.35000610351562,622.510009765625
2025-11-12 14:40:00+00:00,147.00999450683594,621.5900268554688
2025-11-12 14:45:00+00:00,146.53419494628906,619.9500122070312
2025-11-12 14:50:00+00:00,146.66000366210938,620.3599853515625
2025-11-12 14:55:00+00:00,146.6649932861328,620.35009765625
2025-11-12 15:00:00+00:00,147.0050048828125,621.1149291992188
2025-11-12 15:05:00+00:00,147.17999267578125,621.7999267578125
2025-11-12 15:10:00+00:00,146.75,620.3599853515625
2025-11-12 15:15:00+00:00,146.6999969482422,620.125
2025-11-12 15:20:00+00:00,146.8699951171875,620.489990234375
2025-11-12 15:25:00+00:00,146.97999572753906,620.8099975585938
2025-11-12 15:30:00+00:00,146.60499572753906,619.9249877929688
2025-11-12 15:35:00+00:00,146.74000549316406,620.1199951171875
2025-11-12 15:40:00+00:00,146.83749389648438,620.4000244140625
2025-11-12 15:45:00+00:00,146.6649932861328,619.760009765625
2025-11-12 15:50:00+00:00,146.49000549316406,619.25
2025-11-12 15:55:00+00:00,146.56500244140625,619.4099731445312
2025-11-12 16:00:00+00:00,146.42999267578125,619.0599975585938
2025-11-13 14:30:00+00:00,145.81500244140625,616.510009765625
2025-11-13 14:35:00+00:00,145.32000732421875,614.760009765625
2025-11-13 14:40:00+00:00,144.75,613.10009765625
2025-11-13 14:45:00+00:00,145.00999450683594,613.739990234375
2025-11-13 14:50:00+00:00,145.1750030517578,614.6400146484375
2025-11-13 14:55:00+00:00,145.29750061035156,615.25
2025-11-13 15:00:00+00:00,144.9949951171875,614.1500244140625
2025-11-13 15:05:00+00:00,145.72000122070312,616.6500244140625
2025-11-13 15:10:00+00:00,146.02154541015625,617.3699951171875
2025-11-13 15:15:00+00:00,145.65499877929688,616.5900268554688
2025-11-13 15:20:00+00:00,145.52499389648438,615.9600219726562
2025-11-13 15:25:00+00:00,145.32000732421875,615.3099975585938
2025-11-13 15:30:00+00:00,144.9250030517578,613.7000122070312
2025-11-13 15:35:00+00:00,144.86500549316406,613.7523193359375
2025-11-13 15:40:00+00:00,144.70750427246094,613.1300048828125
2025-11-13 15:45:00+00:00,144.30499267578125,611.8400268554688
2025-11-13 15:50:00+00:00,144.10499572753906,611.14501953125
2025-11-13 15:55:00+00:00,144.47000122070312,612.3099975585938
2025-11-13 16:00:00+00:00,144.1699981689453,611.3699951171875
2025-11-14 14:30:00+00:00,140.4250030517578,597.614013671875
2025-11-14 14:35:00+00:00,141.53500366210938,601.4299926757812
2025-11-14 14:40:00+00:00,141.97999572753906,602.2750244140625
2025-11-14 14:45:00+00:00,142.5050048828125,603.75
2025-11-14 14:50:00+00:00,142.77999877929688,604.5349731445312
2025-11-14 14:55:00+00:00,143.00999450683594,605.1798706054688
2025-11-14 15:00:00+00:00,142.7375030517578,604.1099853515625
2025-11-14 15:05:00+00:00,142.94000244140625,604.8067016601562
2025-11-14 15:10:00+00:00,142.56500244140625,603.7000122070312
2025-11-14 15:15:00+00:00,142.6750030517578,604.6099853515625
2025-11-14 15:20:00+00:00,142.64999389648438,604.5499877929688
2025-11-14 15:25:00+00:00,143.1699981689453,606.47998046875
2025-11-14 15:30:00+00:00,143.32000732421875,606.489990234375
2025-11-14 15:35:00+00:00,143.81500244140625,608.1099853515625
2025-11-14 15:40:00+00:00,143.98500061035156,608.5598754882812
2025-11-14 15:45:00+00:00,144.24000549316406,609.9298706054688
2025-11-14 15:50:00+00:00,144.19000244140625,609.7000122070312
2025-11-14 15:55:00+00:00,144.31500244140625,609.72998046875
2025-11-14 16:00:00+00:00,143.97999572753906,608.6580200195312
2025-11-17 14:30:00+00:00,143.2449951171875,608.611328125
2025-11-17 14:35:00+00:00,143.85000610351562,610.488525390625
2025-11-17 14:40:00+00:00,143.65499877929688,610.1898803710938
2025-11-17 14:45:00+00:00,144.0850067138672,611.6300048828125
2025-11-17 14:50:00+00:00,144.0800018310547,612.080078125
2025-11-17 14:55:00+00:00,143.81500244140625,611.1699829101562
2025-11-17 15:00:00+00:00,143.2449951171875,609.2000122070312
2025-11-17 15:05:00+00:00,142.96499633789062,608.2899780273438
2025-11-17 15:10:00+00:00,143.39500427246094,609.3900756835938
2025-11-17 15:15:00+00:00,142.90499877929688,607.9600219726562
2025-11-17 15:20:00+00:00,143.2050018310547,608.6799926757812
2025-11-17 15:25:00+00:00,143.3800048828125,609.6799926757812
2025-11-17 15:30:00+00:00,143.03500366210938,608.47998046875
2025-11-17 15:35:00+00:00,142.94500732421875,608.219970703125
2025-11-17 15:40:00+00:00,143.39500427246094,609.6300048828125
2025-11-17 15:45:00+00:00,143.0850067138672,608.9077758789062
2025-11-17 15:50:00+00:00,143.1300048828125,608.7899780273438
2025-11-17 15:55:00+00:00,143.02499389648438,608.3200073242188
2025-11-17 16:00:00+00:00,142.89500427246094,607.6799926757812
2025-11-18 14:30:00+00:00,140.8000030517578,600.2050170898438
2025-11-18 14:35:00+00:00,140.77499389648438,600.0800170898438
2025-11-18 14:40:00+00:00,139.97000122070312,598.0499877929688
2025-11-18 14:45:00+00:00,139.8249969482422,597.27001953125
2025-11-18 14:50:00+00:00,139.52000427246094,596.1400146484375
2025-11-18 14:55:00+00:00,139.17250061035156,594.8599853515625
2025-11-18 15:00:00+00:00,138.60499572753906,592.9105224609375
2025-11-18 15:05:00+00:00,139.22000122070312,595.340087890625
2025-11-18 15:10:00+00:00,139.1300048828125,594.969970703125
2025-11-18 15:15:00+00:00,138.93499755859375,594.2100219726562
2025-11-18 15:20:00+00:00,139.3574981689453,595.6199951171875
2025-11-18 15:25:00+00:00,139.32000732421875,595.3599853515625
2025-11-18 15:30:00+00:00,139.24000549316406,594.72998046875
2025-11-18 15:35:00+00:00,139.06500244140625,594.3099975585938
2025-11-18 15:40:00+00:00,139.0399932861328,594.219970703125
2025-11-18 15:45:00+00:00,138.9250030517578,593.861328125
2025-11-18 15:50:00+00:00,139.05999755859375,594.1400146484375
2025-11-18 15:55:00+00:00,138.77499389648438,593.280029296875
2025-11-18 16:00:00+00:00,138.4550018310547,592.260009765625
2025-11-19 14:30:00+00:00,139.73500061035156,597.5499877929688
2025-11-19 14:35:00+00:00,139.97500610351562,598.6898193359375
2025-11-19 14:40:00+00:00,140.47000122070312,600.260009765625
2025-11-19 14:45:00+00:00,140.63084411621094,600.8900146484375
2025-11-19 14:50:00+00:00,141.2100067138672,602.6199951171875
2025-11-19 14:55:00+00:00,141.5850067138672,603.8900146484375
2025-11-19 15:00:00+00:00,141.64500427246094,604.6199951171875
2025-11-19 15:05:00+00:00,141.5500030517578,604.5499877929688
2025-11-19 15:10:00+00:00,141.67999267578125,605.0700073242188
2025-11-19 15:15:00+00:00,141.8800048828125,605.4199829101562
2025-11-19 15:20:00+00:00,141.9250030517578,605.6099853515625
2025-11-19 15:25:00+00:00,141.9550018310547,605.3599243164062
2025-11-19 15:30:00+00:00,141.84750366210938,604.8419799804688
2025-11-19 15:35:00+00:00,141.69500732421875,604.3499755859375
2025-11-19 15:40:00+00:00,141.7050018310547,604.3599853515625
2025-11-19 15:45:00+00:00,141.3000030517578,603.1900024414062
2025-11-19 15:50:00+00:00,141.05499267578125,602.1099853515625
2025-11-19 15:55:00+00:00,140.7050018310547,600.9149780273438
2025-11-19 16:00:00+00:00,140.7375030517578,600.780029296875
2025-11-20 14:30:00+00:00,143.60499572753906,611.1400146484375
2025-11-20 14:35:00+00:00,143.66000366210938,611.5800170898438
2025-11-20 14:40:00+00:00,143.59500122070312,611.6400146484375
2025-11-20 14:45:00+00:00,143.53750610351562,611.6799926757812
2025-11-20 14:50:00+00:00,143.7899932861328,612.5338134765625
2025-11-20 14:55:00+00:00,144.0749969482422,613.1599731445312
2025-11-20 15:00:00+00:00,144.07000732421875,613.27001953125
2025-11-20 15:05:00+00:00,143.40499877929688,611.3599853515625
2025-11-20 15:10:00+00:00,143.3125,611.0
2025-11-20 15:15:00+00:00,143.5500030517578,611.8200073242188
2025-11-20 15:20:00+00:00,143.7100067138672,612.5800170898438
2025-11-20 15:25:00+00:00,143.7050018310547,612.780029296875
2025-11-20 15:30:00+00:00,143.72999572753906,612.8800048828125
2025-11-20 15:35:00+00:00,143.88499450683594,613.5999755859375
2025-11-20 15:40:00+00:00,143.875,613.719970703125
2025-11-20 15:45:00+00:00,143.41000366210938,612.1400146484375
2025-11-20 15:50:00+00:00,143.1300048828125,611.239990234375
2025-11-20 15:55:00+00:00,142.875,610.4744873046875
2025-11-20 16:00:00+00:00,142.52499389648438,608.93310546875
2025-11-21 14:30:00+00:00,136.2899932861328,588.0999755859375
2025-11-21 14:35:00+00:00,135.77499389648438,586.8099975585938
2025-11-21 14:40:00+00:00,135.88999938964844,587.0549926757812
2025-11-21 14:45:00+00:00,135.7550048828125,587.239990234375
2025-11-21 14:50:00+00:00,136.4425048828125,589.3699951171875
2025-11-21 14:55:00+00:00,135.7375030517578,586.8920288085938
2025-11-21 15:00:00+00:00,135.375,585.9298706054688
2025-11-21 15:05:00+00:00,135.52000427246094,586.3900146484375
2025-11-21 15:10:00+00:00,135.0800018310547,585.030029296875
2025-11-21 15:15:00+00:00,135.31500244140625,585.7000122070312
2025-11-21 15:20:00+00:00,135.43499755859375,586.489990234375
2025-11-21 15:25:00+00:00,134.5749969482422,583.5999755859375
2025-11-21 15:30:00+00:00,134.34500122070312,583.030029296875
2025-11-21 15:35:00+00:00,133.8699951171875,581.3560180664062
2025-11-21 15:40:00+00:00,134.55499267578125,583.27001953125
2025-11-21 15:45:00+00:00,134.91000366210938,584.77001953125
2025-11-21 15:50:00+00:00,134.7550048828125,584.594970703125
2025-11-21 15:55:00+00:00,134.44000244140625,583.0599975585938
2025-11-21 16:00:00+00:00,134.14500427246094,582.0999755859375
2025-11-24 14:30:00+00:00,138.4499969482422,599.1199951171875
2025-11-24 14:35:00+00:00,138.18499755859375,598.4500122070312
2025-11-24 14:40:00+00:00,137.94000244140625,597.719970703125
2025-11-24 14:45:00+00:00,137.88499450683594,597.5654907226562
2025-11-24 14:50:00+00:00,138.03250122070312,598.0700073242188
2025-11-24 14:55:00+00:00,138.4250030517578,599.1699829101562
2025-11-24 15:00:00+00:00,138.80499267578125,600.3900146484375
2025-11-24 15:05:00+00:00,138.4499969482422,599.7999877929688
2025-11-24 15:10:00+00:00,138.60000610351562,600.3800048828125
2025-11-24 15:15:00+00:00,138.39500427246094,599.6798706054688
2025-11-24 15:20:00+00:00,138.41250610351562,599.72998046875
2025-11-24 15:25:00+00:00,138.5850067138672,600.52001953125
2025-11-24 15:30:00+00:00,138.72999572753906,600.9901123046875
2025-11-24 15:35:00+00:00,138.9550018310547,601.7999267578125
2025-11-24 15:40:00+00:00,139.08999633789062,601.9099731445312
2025-11-24 15:45:00+00:00,139.1649932861328,602.1199951171875
2025-11-24 15:50:00+00:00,139.10000610351562,601.6400146484375
2025-11-24 15:55:00+00:00,139.08999633789062,601.5
2025-11-24 16:00:00+00:00,139.4149932861328,602.72998046875
2025-11-25 14:30:00+00:00,138.6699981689453,603.405029296875
2025-11-25 14:35:00+00:00,138.2949981689453,603.010009765625
2025-11-25 14:40:00+00:00,137.5,600.4000244140625
2025-11-25 14:45:00+00:00,136.8300018310547,598.030029296875
2025-11-25 14:50:00+00:00,137.71249389648438,600.8397827148438
2025-11-25 14:55:00+00:00,138.10000610351562,602.5
2025-11-25 15:00:00+00:00,137.17999267578125,599.3800048828125
2025-11-25 15:05:00+00:00,137.72000122070312,601.4290161132812
2025-11-25 15:10:00+00:00,137.5050048828125,600.6500244140625
2025-11-25 15:15:00+00:00,137.64999389648438,601.2999877929688
2025-11-25 15:20:00+00:00,137.31500244140625,600.0399780273438
2025-11-25 15:25:00+00:00,137.83999633789062,601.6605834960938
2025-11-25 15:30:00+00:00,138.1199951171875,602.3499755859375
2025-11-25 15:35:00+00:00,138.11000061035156,602.034912109375
2025-11-25 15:40:00+00:00,138.5399932861328,603.2100219726562
2025-11-25 15:45:00+00:00,138.3800048828125,602.3516845703125
2025-11-25 15:50:00+00:00,138.3000030517578,601.97998046875
2025-11-25 15:55:00+00:00,138.4499969482422,602.5599975585938
2025-11-25 16:00:00+00:00,138.47000122070312,602.4382934570312
2025-11-26 14:30:00+00:00,141.77000427246094,612.9199829101562
2025-11-26 14:35:00+00:00,141.61000061035156,612.5499877929688
2025-11-26 14:40:00+00:00,141.69000244140625,612.760009765625
2025-11-26 14:45:00+00:00,141.74000549316406,613.4500122070312
2025-11-26 14:50:00+00:00,141.44500732421875,612.7100219726562
2025-11-26 14:55:00+00:00,140.9949951171875,611.174072265625
2025-11-26 15:00:00+00:00,141.1300048828125,611.4400024414062
2025-11-26 15:05:00+00:00,141.3249969482422,612.2421875
2025-11-26 15:10:00+00:00,141.00999450683594,611.4000244140625
2025-11-26 15:15:00+00:00,141.05999755859375,611.5800170898438
2025-11-26 15:20:00+00:00,140.8699951171875,610.739990234375
2025-11-26 15:25:00+00:00,141.14500427246094,611.719970703125
2025-11-26 15:30:00+00:00,141.4550018310547,612.5
2025-11-26 15:35:00+00:00,141.55499267578125,613.0999755859375
2025-11-26 15:40:00+00:00,141.4250030517578,612.6099853515625
2025-11-26 15:45:00+00:00,141.39500427246094,612.5300903320312
2025-11-26 15:50:00+00:00,141.5399932861328,613.0399780273438
2025-11-26 15:55:00+00:00,141.74000549316406,613.6099853515625
2025-11-26 16:00:00+00:00,141.90499877929688,614.1699829101562
2025-11-28 14:30:00+00:00,142.27000427246094,617.0
2025-11-28 14:35:00+00:00,142.0399932861328,616.4600219726562
2025-11-28 14:40:00+00:00,142.09500122070312,616.0399780273438
2025-11-28 14:45:00+00:00,142.40499877929688,616.9097290039062
2025-11-28 14:50:00+00:00,142.40499877929688,616.6599731445312
2025-11-28 14:55:00+00:00,142.33999633789062,616.3099975585938
2025-11-28 15:00:00+00:00,142.39999389648438,616.2249755859375
2025-11-28 15:05:00+00:00,142.44000244140625,616.510009765625
2025-11-28 15:10:00+00:00,142.46499633789062,616.60498046875
2025-11-28 15:15:00+00:00,142.49249267578125,616.89501953125
2025-11-28 15:20:00+00:00,142.4250030517578,616.6300048828125
2025-11-28 15:25:00+00:00,142.36500549316406,616.3099975585938
2025-11-28 15:30:00+00:00,142.52169799804688,616.6599731445312
2025-11-28 15:35:00+00:00,142.4600067138672,616.6099853515625
2025-11-28 15:40:00+00:00,142.57000732421875,616.7899780273438
2025-11-28 15:45:00+00:00,142.6750030517578,617.0800170898438
2025-11-28 15:50:00+00:00,142.75,617.47998046875
2025-11-28 15:55:00+00:00,142.66000366210938,617.2949829101562
2025-11-28 16:00:00+00:00,142.66995239257812,617.4199829101562
2025-12-01 14:30:00+00:00,141.7274932861328,614.6799926757812
2025-12-01 14:35:00+00:00,141.55499267578125,613.77001953125
2025-12-01 14:40:00+00:00,141.60000610351562,613.360107421875
2025-12-01 14:45:00+00:00,142.1199951171875,614.6400146484375
2025-12-01 14:50:00+00:00,142.40499877929688,615.8494873046875
2025-12-01 14:55:00+00:00,142.38999938964844,616.260009765625
2025-12-01 15:00:00+00:00,142.33999633789062,615.9099731445312
2025-12-01 15:05:00+00:00,142.46499633789062,616.260009765625
2025-12-01 15:10:00+00:00,142.40499877929688,616.0305786132812
2025-12-01 15:15:00+00:00,142.51499938964844,616.257080078125
2025-12-01 15:20:00+00:00,142.3249969482422,615.5587158203125
2025-12-01 15:25:00+00:00,142.32000732421875,615.2899780273438
2025-12-01 15:30:00+00:00,142.11500549316406,614.4099731445312
2025-12-01 15:35:00+00:00,142.5,615.780029296875
2025-12-01 15:40:00+00:00,142.4149932861328,615.5407104492188
2025-12-01 15:45:00+00:00,142.4499969482422,615.72998046875
2025-12-01 15:50:00+00:00,142.89999389648438,617.3599853515625
2025-12-01 15:55:00+00:00,142.83999633789062,617.4381713867188
2025-12-01 16:00:00+00:00,142.85499572753906,617.3900146484375
2025-12-02 14:30:00+00:00,144.69500732421875,620.2780151367188
2025-12-02 14:35:00+00:00,145.22000122070312,622.010009765625
2025-12-02 14:40:00+00:00,145.21005249023438,621.9400024414062
2025-12-02 14:45:00+00:00,145.0449981689453,621.6599731445312
2025-12-02 14:50:00+00:00,144.9600067138672,621.3079833984375
2025-12-02 14:55:00+00:00,145.25999450683594,621.989990234375
2025-12-02 15:00:00+00:00,145.41000366210938,622.8599853515625
2025-12-02 15:05:00+00:00,145.31544494628906,622.9500732421875
2025-12-02 15:10:00+00:00,145.2050018310547,622.875
2025-12-02 15:15:00+00:00,145.08999633789062,622.7100219726562
2025-12-02 15:20:00+00:00,145.21275329589844,622.969970703125
2025-12-02 15:25:00+00:00,144.77999877929688,621.3963012695312
2025-12-02 15:30:00+00:00,144.63499450683594,620.8400268554688
2025-12-02 15:35:00+00:00,144.6199951171875,621.0499877929688
2025-12-02 15:40:00+00:00,145.10499572753906,622.5999755859375
2025-12-02 15:45:00+00:00,145.24000549316406,623.260009765625
2025-12-02 15:50:00+00:00,145.1750030517578,623.3099975585938
2025-12-02 15:55:00+00:00,145.09500122070312,623.2000122070312
2025-12-02 16:00:00+00:00,144.9550018310547,623.1900024414062
2025-12-03 14:30:00+00:00,143.64999389648438,619.0900268554688
2025-12-03 14:35:00+00:00,143.35000610351562,618.7899780273438
2025-12-03 14:40:00+00:00,143.375,619.1400146484375
2025-12-03 14:45:00+00:00,143.41000366210938,618.9000244140625
2025-12-03 14:50:00+00:00,143.6199951171875,619.4500122070312
2025-12-03 14:55:00+00:00,143.69500732421875,619.6699829101562
2025-12-03 15:00:00+00:00,144.2050018310547,621.4500732421875
2025-12-03 15:05:00+00:00,143.80499267578125,620.0599975585938
2025-12-03 15:10:00+00:00,143.85000610351562,620.0800170898438
2025-12-03 15:15:00+00:00,144.0050048828125,620.5800170898438
2025-12-03 15:20:00+00:00,144.18499755859375,620.9199829101562
2025-12-03 15:25:00+00:00,144.0449981689453,620.4099731445312
2025-12-03 15:30:00+00:00,144.4499969482422,621.6199951171875
2025-12-03 15:35:00+00:00,144.39500427246094,621.4400024414062
2025-12-03 15:40:00+00:00,144.5050048828125,622.0499877929688
2025-12-03 15:45:00+00:00,144.4550018310547,621.8699951171875
2025-12-03 15:50:00+00:00,144.2899932861328,621.1900024414062
2025-12-03 15:55:00+00:00,144.3249969482422,621.2650146484375
2025-12-03 16:00:00+00:00,144.55250549316406,622.0800170898438
2025-12-04 14:30:00+00:00,144.6699981689453,621.4600219726562
2025-12-04 14:35:00+00:00,145.13499450683594,622.6199951171875
2025-12-04 14:40:00+00:00,144.92999267578125,622.010009765625
2025-12-04 14:45:00+00:00,145.02000427246094,621.8900146484375
2025-12-04 14:50:00+00:00,144.8300018310547,621.8699951171875
2025-12-04 14:55:00+00:00,144.54495239257812,621.2100219726562
2025-12-04 15:00:00+00:00,144.71499633789062,621.4600219726562
2025-12-04 15:05:00+00:00,144.73500061035156,621.6500244140625
2025-12-04 15:10:00+00:00,144.72500610351562,621.4500122070312
2025-12-04 15:15:00+00:00,144.9250030517578,621.530029296875
2025-12-04 15:20:00+00:00,144.9550018310547,621.2999877929688
2025-12-04 15:25:00+00:00,145.1699981689453,622.0
2025-12-04 15:30:00+00:00,145.14500427246094,622.1500244140625
2025-12-04 15:35:00+00:00,145.3925018310547,622.9299926757812
2025-12-04 15:40:00+00:00,145.41070556640625,622.9702758789062
2025-12-04 15:45:00+00:00,145.1649932861328,622.1799926757812
2025-12-04 15:50:00+00:00,145.11000061035156,621.9500122070312
2025-12-04 15:55:00+00:00,145.03500366210938,621.5
2025-12-04 16:00:00+00:00,144.84500122070312,620.6300048828125
2025-12-05 14:30:00+00:00,146.44000244140625,626.2667236328125
2025-12-05 14:35:00+00:00,146.05999755859375,625.60302734375
2025-12-05 14:40:00+00:00,145.97000122070312,625.0900268554688
2025-12-05 14:45:00+00:00,146.25999450683594,626.1599731445312
2025-12-05 14:50:00+00:00,146.5500030517578,627.164794921875
2025-12-05 14:55:00+00:00,146.49000549316406,627.0798950195312
2025-12-05 15:00:00+00:00,146.77000427246094,627.6099853515625
2025-12-05 15:05:00+00:00,146.9199981689453,628.010009765625
2025-12-05 15:10:00+00:00,147.1750030517578,628.7000122070312
2025-12-05 15:15:00+00:00,147.05999755859375,628.260009765625
2025-12-05 15:20:00+00:00,147.1199951171875,628.6400146484375
2025-12-05 15:25:00+00:00,146.8800048828125,628.1799926757812
2025-12-05 15:30:00+00:00,147.0399932861328,628.6099853515625
2025-12-05 15:35:00+00:00,146.87989807128906,628.2199096679688
2025-12-05 15:40:00+00:00,146.7949981689453,627.780029296875
2025-12-05 15:45:00+00:00,146.83999633789062,627.8200073242188
2025-12-05 15:50:00+00:00,146.5782012939453,626.5250244140625
2025-12-05 15:55:00+00:00,146.4499969482422,625.9299926757812
2025-12-05 16:00:00+00:00,146.52999877929688,625.9224243164062
2025-12-08 14:30:00+00:00,148.0800018310547,628.094970703125
2025-12-08 14:35:00+00:00,148.10000610351562,627.4600219726562
2025-12-08 14:40:00+00:00,148.19000244140625,627.5
2025-12-08 14:45:00+00:00,147.7899932861328,626.4099731445312
2025-12-08 14:50:00+00:00,147.8699951171875,626.6636962890625
2025-12-08 14:55:00+00:00,147.6999969482422,626.030029296875
2025-12-08 15:00:00+00:00,147.89999389648438,626.5800170898438
2025-12-08 15:05:00+00:00,147.8300018310547,626.2999877929688
2025-12-08 15:10:00+00:00,147.76499938964844,625.9550170898438
2025-12-08 15:15:00+00:00,147.6999969482422,625.72998046875
2025-12-08 15:20:00+00:00,147.60000610351562,625.0700073242188
2025-12-08 15:25:00+00:00,147.5399932861328,624.989990234375
2025-12-08 15:30:00+00:00,147.72999572753906,625.3599853515625
2025-12-08 15:35:00+00:00,147.74000549316406,625.0900268554688
2025-12-08 15:40:00+00:00,147.67999267578125,624.6599731445312
2025-12-08 15:45:00+00:00,147.6300048828125,624.7899780273438
2025-12-08 15:50:00+00:00,147.38999938964844,624.3699951171875
2025-12-08 15:55:00+00:00,147.28500366210938,624.0599975585938
2025-12-08 16:00:00+00:00,147.1699981689453,623.6099853515625
2025-12-09 14:30:00+00:00,147.14999389648438,622.125
2025-12-09 14:35:00+00:00,147.6199951171875,623.5700073242188
2025-12-09 14:40:00+00:00,147.55999755859375,622.890380859375
2025-12-09 14:45:00+00:00,147.5800018310547,623.030029296875
2025-12-09 14:50:00+00:00,147.5,622.8599853515625
2025-12-09 14:55:00+00:00,147.55999755859375,623.3099975585938
2025-12-09 15:00:00+00:00,147.64999389648438,623.530029296875
2025-12-09 15:05:00+00:00,147.66000366210938,623.52001953125
2025-12-09 15:10:00+00:00,147.6699981689453,623.489990234375
2025-12-09 15:15:00+00:00,147.66000366210938,623.4500122070312
2025-12-09 15:20:00+00:00,147.74000549316406,623.77001953125
2025-12-09 15:25:00+00:00,147.8350067138672,623.969970703125
2025-12-09 15:30:00+00:00,147.85000610351562,623.9600219726562
2025-12-09 15:35:00+00:00,147.82969665527344,623.8800048828125
2025-12-09 15:40:00+00:00,148.00180053710938,624.5399780273438
2025-12-09 15:45:00+00:00,147.7899932861328,623.8699951171875
2025-12-09 15:50:00+00:00,147.97999572753906,624.360107421875
2025-12-09 15:55:00+00:00,148.0800018310547,624.64501953125
2025-12-09 16:00:00+00:00,148.11000061035156,624.7999877929688
2025-12-10 14:30:00+00:00,147.25,623.0599975585938
2025-12-10 14:35:00+00:00,147.36000061035156,623.2100219726562
2025-12-10 14:40:00+00:00,147.61000061035156,623.7249755859375
2025-12-10 14:45:00+00:00,147.42999267578125,623.5499877929688
2025-12-10 14:50:00+00:00,147.36000061035156,623.27001953125
2025-12-10 14:55:00+00:00,147.42999267578125,623.4500122070312
2025-12-10 15:00:00+00:00,147.4600067138672,623.3049926757812
2025-12-10 15:05:00+00:00,147.42990112304688,623.4500122070312
2025-12-10 15:10:00+00:00,147.3699951171875,623.2899780273438
2025-12-10 15:15:00+00:00,147.52999877929688,623.7999877929688
2025-12-10 15:20:00+00:00,147.52000427246094,623.8499755859375
2025-12-10 15:25:00+00:00,147.4499969482422,623.5599975585938
2025-12-10 15:30:00+00:00,147.28500366210938,622.9213256835938
2025-12-10 15:35:00+00:00,147.16000366210938,622.3800048828125
2025-12-10 15:40:00+00:00,147.08999633789062,622.3699951171875
2025-12-10 15:45:00+00:00,147.35000610351562,623.2930297851562
2025-12-10 15:50:00+00:00,147.0800018310547,622.0499877929688
2025-12-10 15:55:00+00:00,147.0500030517578,621.9000244140625
2025-12-10 16:00:00+00:00,146.97000122070312,621.530029296875
